ORF,protein2RNA
YAL001C,125
YAL002W,736
YAL003W,
YAL004W,
YAL005C,269000
YAL007C,26300
YAL008W,1920
YAL009W,861
YAL010C,768
YAL011W,1380
YAL012W,38300
YAL013W,
YAL014C,
YAL015C,
YAL016W,16900
YAL017W,967
YAL018C,
YAL019W,6800
YAL020C,
YAL021C,2780
YAL022C,217
YAL023C,6510
YAL024C,304
YAL025C,
YAL026C,606
YAL027W,1170
YAL028W,
YAL029C,2210
YAL030W,
YAL031C,227
YAL032C,1670
YAL033W,2230
YAL034C,
YAL034W-A,2610
YAL035C-A,
YAL035W,13400
YAL036C,11700
YAL037W,
YAL038W,291000
YAL039C,3870
YAL040C,
YAL041W,1010
YAL042W,
YAL043C,3730
YAL043C-A,
YAL044C,3510
YAL044W-A,238
YAL045C,
YAL046C,259
YAL047C,639
YAL048C,
YAL049C,1800
YAL051W,92.3
YAL053W,414
YAL054C,2890
YAL055W,259
YAL056W,
YAL058C-A,
YAL058W,4760
YAL059W,2840
YAL060W,8730
YAL061W,3090
YAL062W,
YAL063C,
YAL064C-A,
YAL064W,
YAL064W-B,
YAL065C,
YAL066W,
YAL067C,
YAL068C,
YAL069W,
YAR002C-A,20700
YAR002W,4590
YAR003W,907
YAR007C,4100
YAR008W,
YAR009C,2220
YAR014C,538
YAR015W,4280
YAR018C,
YAR019C,238
YAR020C,
YAR023C,
YAR027W,1690
YAR028W,1840
YAR029W,
YAR030C,
YAR031W,259
YAR033W,
YAR035W,
YAR042W,
YAR044W,846
YAR047C,
YAR050W,
YAR053W,
YAR060C,
YAR061W,
YAR062W,
YAR064W,1520
YAR066W,
YAR068W,
YAR069C,
YAR070C,
YAR071W,1460
YAR073W,
YAR075W,
YBL001C,1900
YBL002W,443000
YBL003C,32100
YBL004W,
YBL005W,166
YBL006C,
YBL007C,952
YBL008W,846
YBL009W,
YBL010C,1320
YBL011W,1050
YBL012C,
YBL013W,1070
YBL014C,237
YBL015W,4890
YBL016W,8480
YBL017C,7210
YBL018C,4870
YBL019W,414
YBL020W,
YBL021C,2510
YBL022C,14500
YBL023C,1690
YBL024W,16100
YBL025W,
YBL026W,2210
YBL027W,225000
YBL028C,6210
YBL029C-A,996
YBL029W,
YBL030C,
YBL031W,264
YBL032W,15600
YBL033C,9520
YBL034C,521
YBL035C,11200
YBL036C,4890
YBL037W,1590
YBL038W,2880
YBL039C,57600
YBL040C,
YBL041W,
YBL042C,
YBL043W,
YBL044W,
YBL045C,19300
YBL046W,1010
YBL047C,1380
YBL048W,
YBL049W,
YBL050W,
YBL051C,4630
YBL052C,
YBL053W,
YBL054W,830
YBL055C,1460
YBL056W,19700
YBL057C,2190
YBL058W,3200
YBL059C-A,279
YBL059W,623
YBL060W,
YBL061C,2580
YBL062W,
YBL063W,56.9
YBL064C,4510
YBL065W,
YBL066C,
YBL067C,125
YBL068W,5280
YBL069W,
YBL070C,
YBL071C,
YBL071W-A,8400
YBL072C,15900
YBL073W,
YBL074C,7330
YBL075C,6440
YBL076C,23300
YBL077W,
YBL078C,2010
YBL079W,1560
YBL080C,1390
YBL081W,
YBL082C,
YBL083C,
YBL084C,593
YBL085W,1040
YBL086C,396
YBL087C,
YBL088C,
YBL089W,
YBL090W,1270
YBL091C,1080
YBL091C-A,358
YBL092W,
YBL093C,6120
YBL094C,
YBL095W,704
YBL096C,
YBL097W,704
YBL098W,556
YBL099W,41500
YBL100C,
YBL101C,799
YBL102W,279
YBL103C,1050
YBL104C,184
YBL105C,
YBL106C,
YBL107C,768
YBL108C-A,
YBL108W,
YBL109W,
YBL111C,279
YBL112C,
YBL113C,
YBR001C,2500
YBR002C,8970
YBR003W,1560
YBR004C,
YBR005W,
YBR006W,
YBR007C,377
YBR008C,
YBR009C,524000
YBR010W,213000
YBR011C,68400
YBR012C,
YBR013C,
YBR014C,
YBR015C,6730
YBR016W,1760
YBR017C,2130
YBR018C,
YBR019C,
YBR020W,
YBR021W,
YBR022W,1170
YBR023C,1510
YBR024W,1480
YBR025C,36800
YBR026C,1560
YBR027C,
YBR028C,1470
YBR029C,
YBR030W,7880
YBR031W,
YBR032W,
YBR033W,
YBR034C,37600
YBR035C,
YBR036C,
YBR037C,2550
YBR038W,
YBR039W,28100
YBR040W,
YBR041W,16900
YBR042C,2010
YBR043C,279
YBR044C,
YBR045C,
YBR046C,
YBR047W,2160
YBR048W,1200
YBR049C,7510
YBR050C,
YBR051W,
YBR052C,7060
YBR053C,4190
YBR054W,1950
YBR055C,2250
YBR056W,1960
YBR057C,3400
YBR058C,3040
YBR058C-A,
YBR059C,3000
YBR060C,1700
YBR061C,4110
YBR062C,195
YBR063C,
YBR064W,
YBR065C,4260
YBR066C,704
YBR067C,35600
YBR068C,8660
YBR069C,504
YBR070C,339
YBR071W,1200
YBR072W,19300
YBR073W,1270
YBR074W,
YBR075W,
YBR076W,
YBR077C,3490
YBR078W,
YBR079C,52700
YBR080C,5920
YBR081C,2360
YBR082C,13500
YBR083W,530
YBR084C-A,97700
YBR084W,11400
YBR085C-A,
YBR085W,1080
YBR086C,
YBR087W,5040
YBR088C,
YBR089C-A,4590
YBR089W,
YBR090C,
YBR091C,
YBR092C,952
YBR093C,1110
YBR094W,1770
YBR095C,1630
YBR096W,1950
YBR097W,279
YBR098W,
YBR099C,
YBR100W,
YBR101C,13100
YBR102C,
YBR103C-A,
YBR103W,1620
YBR104W,1050
YBR105C,6650
YBR106W,61800
YBR107C,125
YBR108W,
YBR109C,
YBR110W,1890
YBR111C,7330
YBR112C,3890
YBR113W,
YBR114W,358
YBR115C,7430
YBR116C,
YBR117C,149
YBR118W,450
YBR119W,2950
YBR120C,2130
YBR121C,98400
YBR122C,
YBR123C,15800
YBR124W,
YBR125C,149
YBR126C,10900
YBR127C,131000
YBR128C,
YBR129C,1560
YBR130C,1010
YBR131W,2870
YBR132C,
YBR133C,1180
YBR134W,
YBR135W,8780
YBR136W,
YBR137W,1200
YBR138C,195
YBR139W,1420
YBR140C,
YBR141C,623
YBR142W,981
YBR143C,13100
YBR144C,
YBR145W,1310
YBR146W,
YBR147W,
YBR148W,
YBR149W,30200
YBR150C,573
YBR151W,2000
YBR152W,2510
YBR153W,
YBR154C,
YBR155W,672
YBR156C,319
YBR157C,
YBR158W,2020
YBR159W,41900
YBR160W,6670
YBR161W,195
YBR162C,12300
YBR162W-A,846
YBR163W,1420
YBR164C,5190
YBR165W,
YBR166C,2180
YBR167C,
YBR168W,
YBR169C,6300
YBR170C,1050
YBR171W,7820
YBR172C,486
YBR173C,2740
YBR174C,
YBR175W,
YBR176W,1420
YBR177C,2550
YBR178W,
YBR179C,1010
YBR180W,
YBR181C,38800
YBR182C,
YBR183W,
YBR184W,
YBR185C,2720
YBR186W,
YBR187W,2170
YBR188C,1430
YBR189W,63300
YBR190W,
YBR191W,
YBR191W-A,
YBR192W,
YBR193C,937
YBR194W,
YBR195C,149
YBR196C,91600
YBR197C,1360
YBR198C,14800
YBR199W,5240
YBR200W,6490
YBR201W,238
YBR202W,166
YBR203W,
YBR204C,
YBR205W,704
YBR206W,
YBR207W,486
YBR208C,952
YBR209W,
YBR210W,
YBR211C,1630
YBR212W,1540
YBR213W,
YBR214W,2840
YBR215W,238
YBR216C,3060
YBR217W,
YBR218C,17000
YBR219C,
YBR220C,
YBR221C,9970
YBR222C,8770
YBR223C,2130
YBR224W,
YBR225W,623
YBR226C,
YBR227C,10900
YBR228W,
YBR229C,238
YBR230C,4750
YBR231C,1680
YBR232C,
YBR233W,1590
YBR233W-A,468
YBR234C,
YBR235W,
YBR236C,
YBR237W,358
YBR238C,2080
YBR239C,85.5
YBR240C,
YBR241C,
YBR242W,2730
YBR243C,
YBR244W,2010
YBR245C,1500
YBR246W,2640
YBR247C,21600
YBR248C,11800
YBR249C,26300
YBR250W,
YBR251W,6680
YBR252W,4340
YBR253W,2180
YBR254C,1200
YBR255W,396
YBR256C,7300
YBR257W,
YBR258C,1520
YBR259W,
YBR260C,1500
YBR261C,3060
YBR262C,2550
YBR263W,17700
YBR264C,1360
YBR265W,7700
YBR266C,339
YBR267W,830
YBR268W,1100
YBR269C,
YBR270C,
YBR271W,217
YBR272C,468
YBR273C,2190
YBR274W,2530
YBR275C,
YBR276C,
YBR277C,
YBR278W,784
YBR279W,1040
YBR280C,
YBR281C,1940
YBR282W,2250
YBR283C,704
YBR284W,
YBR285W,
YBR286W,4740
YBR287W,6440
YBR288C,3410
YBR289W,217
YBR290W,3070
YBR291C,
YBR292C,
YBR293W,
YBR294W,
YBR295W,
YBR296C,
YBR297W,
YBR298C,
YBR299W,4030
YBR300C,
YBR301W,
YBR302C,
YCL001W,2840
YCL001W-A,
YCL001W-B,
YCL002C,
YCL004W,
YCL005W,149
YCL007C,
YCL008C,1360
YCL009C,15800
YCL010C,1750
YCL011C,2540
YCL014W,
YCL016C,1660
YCL017C,504
YCL018W,
YCL021W-A,
YCL022C,
YCL023C,
YCL024W,538
YCL025C,21100
YCL026C-A,
YCL027C-A,
YCL027W,
YCL028W,1140
YCL029C,300
YCL030C,521
YCL031C,2610
YCL032W,1670
YCL033C,799
YCL034W,
YCL035C,3030
YCL036W,
YCL037C,8430
YCL038C,
YCL039W,1200
YCL040W,21100
YCL041C,
YCL042W,
YCL043C,
YCL044C,3410
YCL045C,2840
YCL046W,
YCL047C,830
YCL048W,
YCL049C,656
YCL050C,19600
YCL051W,
YCL052C,4930
YCL054W,
YCL055W,1690
YCL056C,
YCL057W,8910
YCL058C,
YCL059C,4340
YCL061C,721
YCL063W,
YCL064C,36600
YCL065W,
YCL066W,
YCL067C,
YCL068C,
YCL069W,
YCL073C,
YCL075W,
YCL076W,
YCR001W,
YCR002C,14100
YCR003W,1690
YCR004C,14600
YCR005C,2310
YCR006C,
YCR007C,
YCR008W,1030
YCR009C,7390
YCR010C,
YCR011C,339
YCR012W,314000
YCR013C,
YCR014C,
YCR015C,
YCR016W,1850
YCR017C,
YCR018C,2100
YCR018C-A,
YCR019W,
YCR020C,195
YCR020C-A,2140
YCR020W-B,3550
YCR021C,7800
YCR022C,
YCR023C,
YCR024C,784
YCR024C-A,124000
YCR025C,
YCR026C,3420
YCR027C,1600
YCR028C,
YCR028C-A,3060
YCR030C,4280
YCR031C,29600
YCR032W,
YCR033W,396
YCR034W,3510
YCR035C,3180
YCR036W,1780
YCR037C,504
YCR038C,2110
YCR038W-A,
YCR039C,
YCR040W,
YCR041W,
YCR042C,1160
YCR043C,4240
YCR044C,3050
YCR045C,
YCR046C,4150
YCR047C,1620
YCR048W,
YCR049C,
YCR050C,
YCR051W,784
YCR052W,2470
YCR053W,26000
YCR054C,8970
YCR057C,16700
YCR059C,3030
YCR060W,1660
YCR061W,
YCR063W,1900
YCR064C,
YCR065W,358
YCR066W,206
YCR067C,
YCR068W,3060
YCR069W,
YCR071C,1710
YCR072C,
YCR073C,56.9
YCR073W-A,1160
YCR075C,
YCR076C,358
YCR077C,656
YCR079W,432
YCR081W,1730
YCR082W,981
YCR083W,1010
YCR084C,5840
YCR085W,
YCR086W,1920
YCR087C-A,3430
YCR087W,
YCR088W,606
YCR089W,
YCR090C,3970
YCR091W,
YCR092C,736
YCR093W,4300
YCR094W,589
YCR095C,5370
YCR096C,
YCR097W,
YCR097W-A,
YCR098C,
YCR099C,
YCR100C,
YCR101C,
YCR102C,
YCR102W-A,
YCR104W,
YCR105W,2870
YCR106W,
YCR107W,
YDL001W,952
YDL002C,1760
YDL003W,1040
YDL004W,
YDL005C,10800
YDL006W,1520
YDL007W,
YDL008W,377
YDL009C,
YDL010W,1640
YDL011C,
YDL012C,2250
YDL013W,
YDL014W,
YDL015C,23600
YDL016C,
YDL017W,1600
YDL018C,3190
YDL019C,1070
YDL020C,
YDL021W,2020
YDL022W,807
YDL023C,
YDL024C,
YDL025C,861
YDL026W,
YDL027C,450
YDL028C,
YDL029W,6650
YDL030W,3920
YDL031W,
YDL032W,
YDL033C,1510
YDL034W,
YDL035C,
YDL036C,639
YDL037C,
YDL038C,
YDL039C,
YDL040C,7600
YDL041W,
YDL042C,3350
YDL043C,3460
YDL044C,2060
YDL045C,
YDL045W-A,259
YDL046W,2840
YDL047W,3970
YDL048C,623
YDL049C,
YDL050C,
YDL051W,
YDL052C,
YDL053C,1560
YDL054C,
YDL055C,97100
YDL056W,521
YDL057W,
YDL058W,2330
YDL059C,468
YDL060W,1390
YDL061C,5410
YDL062W,
YDL063C,2600
YDL064W,2600
YDL065C,5350
YDL066W,
YDL067C,35500
YDL068W,
YDL069C,556
YDL070W,2930
YDL071C,
YDL072C,2840
YDL073W,
YDL074C,2980
YDL075W,
YDL076C,3060
YDL077C,319
YDL078C,3300
YDL079C,
YDL080C,2140
YDL081C,
YDL082W,133000
YDL083C,
YDL084W,51700
YDL085C-A,876
YDL085W,
YDL086W,
YDL087C,2270
YDL088C,2740
YDL089W,606
YDL090C,3910
YDL091C,233
YDL092W,8000
YDL093W,
YDL094C,
YDL095W,41500
YDL096C,
YDL097C,16800
YDL098C,907
YDL099W,5220
YDL100C,17300
YDL101C,3480
YDL102W,
YDL103C,5480
YDL104C,1400
YDL105W,
YDL106C,6420
YDL107W,736
YDL108W,4400
YDL109C,195
YDL110C,2110
YDL111C,7110
YDL112W,861
YDL113C,358
YDL114W,
YDL114W-A,
YDL115C,1080
YDL116W,8580
YDL117W,377
YDL118W,
YDL119C,1550
YDL120W,1560
YDL121C,3260
YDL122W,8970
YDL123W,6780
YDL124W,4030
YDL125C,5410
YDL126C,78400
YDL127W,
YDL128W,7770
YDL129W,450
YDL130W,22400
YDL130W-A,
YDL131W,21900
YDL132W,377
YDL133C-A,4910
YDL133W,
YDL134C,5620
YDL135C,1670
YDL136W,19100
YDL137W,25000
YDL138W,
YDL139C,556
YDL140C,
YDL141W,1970
YDL142C,876
YDL143W,5530
YDL144C,5170
YDL145C,15200
YDL146W,329
YDL147W,5710
YDL148C,
YDL149W,
YDL150W,998
YDL151C,
YDL152W,
YDL153C,
YDL154W,
YDL155W,892
YDL156W,3810
YDL157C,752
YDL158C,
YDL159W,672
YDL159W-A,
YDL160C,42900
YDL161W,
YDL162C,
YDL163W,
YDL164C,149
YDL165W,2120
YDL166C,8350
YDL167C,3570
YDL168W,8370
YDL169C,
YDL170W,1200
YDL171C,18900
YDL172C,
YDL173W,1140
YDL174C,10800
YDL175C,1800
YDL176W,339
YDL177C,907
YDL178W,11400
YDL179W,
YDL180W,
YDL181W,981
YDL182W,28100
YDL183C,
YDL184C,11900
YDL185C-A,
YDL185W,200000
YDL186W,
YDL187C,
YDL188C,4110
YDL189W,892
YDL190C,2600
YDL191W,
YDL192W,19300
YDL193W,
YDL194W,
YDL195W,1840
YDL196W,
YDL197C,1910
YDL198C,
YDL199C,
YDL200C,
YDL201W,2630
YDL202W,6070
YDL203C,98.9
YDL204W,
YDL205C,8480
YDL206W,
YDL207W,1040
YDL208W,
YDL209C,2650
YDL210W,
YDL211C,3360
YDL212W,6510
YDL213C,8970
YDL214C,
YDL215C,7400
YDL216C,
YDL217C,
YDL218W,
YDL219W,4610
YDL220C,319
YDL221W,
YDL222C,329
YDL223C,
YDL224C,
YDL225W,5620
YDL226C,9560
YDL227C,
YDL228C,
YDL229W,170000
YDL230W,2690
YDL231C,
YDL232W,2430
YDL233W,1010
YDL234C,2460
YDL235C,6330
YDL236W,2980
YDL237W,
YDL238C,279
YDL239C,
YDL240C-A,
YDL240W,468
YDL241W,1300
YDL242W,
YDL243C,
YDL244W,
YDL245C,
YDL246C,
YDL247W,
YDL247W-A,
YDL248W,
YDR001C,1840
YDR002W,
YDR003W,1230
YDR004W,238
YDR005C,1720
YDR006C,
YDR007W,1850
YDR008C,
YDR009W,721
YDR010C,
YDR011W,1300
YDR012W,151000
YDR013W,1430
YDR014W,721
YDR015C,
YDR016C,799
YDR017C,1940
YDR018C,
YDR019C,4090
YDR020C,4280
YDR021W,3090
YDR022C,486
YDR023W,
YDR024W,
YDR025W,
YDR026C,432
YDR027C,2540
YDR028C,2560
YDR029W,
YDR030C,
YDR031W,
YDR032C,2330
YDR033W,182000
YDR034C,450
YDR034C-A,
YDR034W-B,861
YDR035W,8970
YDR036C,3950
YDR037W,
YDR038C,606
YDR039C,639
YDR040C,688
YDR041W,8480
YDR042C,
YDR043C,556
YDR044W,22000
YDR045C,
YDR046C,
YDR047W,9220
YDR048C,
YDR049W,3930
YDR050C,207000
YDR051C,3170
YDR052C,
YDR053W,
YDR054C,8170
YDR055W,11700
YDR056C,1600
YDR057W,
YDR058C,
YDR059C,981
YDR060W,15000
YDR061W,1580
YDR062W,54500
YDR063W,3040
YDR064W,
YDR065W,1670
YDR066C,1050
YDR067C,
YDR068W,3270
YDR069C,428
YDR070C,937
YDR071C,8680
YDR072C,606
YDR073W,1030
YDR074W,22700
YDR075W,2840
YDR076W,1050
YDR077W,1630
YDR078C,
YDR079C-A,
YDR079W,468
YDR080W,1170
YDR081C,572
YDR082W,
YDR083W,2780
YDR084C,1040
YDR085C,
YDR086C,
YDR087C,6960
YDR088C,1490
YDR089W,172
YDR090C,
YDR091C,6280
YDR092W,8970
YDR093W,
YDR094W,
YDR095C,
YDR096W,432
YDR097C,5330
YDR098C,11000
YDR099W,47600
YDR100W,4540
YDR101C,45100
YDR102C,
YDR103W,1900
YDR104C,
YDR105C,
YDR106W,
YDR107C,
YDR108W,8760
YDR109C,
YDR110W,1510
YDR111C,3480
YDR112W,
YDR113C,
YDR114C,
YDR115W,195
YDR116C,7010
YDR117C,3870
YDR118W,1330
YDR119W,
YDR120C,15500
YDR121W,2100
YDR122W,279
YDR123C,784
YDR124W,3510
YDR125C,143
YDR126W,
YDR127W,6420
YDR128W,556
YDR129C,3510
YDR130C,
YDR131C,
YDR132C,172
YDR133C,
YDR134C,
YDR135C,396
YDR136C,
YDR137W,589
YDR138W,1340
YDR139C,1310
YDR140W,3390
YDR141C,2700
YDR142C,589
YDR143C,172
YDR144C,538
YDR145W,930
YDR146C,688
YDR147W,3420
YDR148C,7970
YDR149C,
YDR150W,
YDR151C,
YDR152W,10300
YDR153C,8100
YDR154C,
YDR155C,86000
YDR156W,3100
YDR157W,
YDR158W,18400
YDR159W,339
YDR160W,
YDR161W,1630
YDR162C,521
YDR163W,
YDR164C,639
YDR165W,5910
YDR166C,3400
YDR167W,3370
YDR168W,10200
YDR169C,639
YDR170C,3670
YDR170W-A,2910
YDR171W,1470
YDR172W,78900
YDR173C,2720
YDR174W,19000
YDR175C,3150
YDR176W,2470
YDR177W,8940
YDR178W,7920
YDR179C,358
YDR179W-A,259
YDR180W,3310
YDR181C,768
YDR182W,583
YDR183W,2250
YDR184C,846
YDR185C,672
YDR186C,195
YDR187C,
YDR188W,
YDR189W,5780
YDR190C,11600
YDR191W,377
YDR192C,
YDR193W,
YDR194C,10300
YDR195W,7450
YDR196C,1660
YDR197W,2140
YDR198C,768
YDR199W,
YDR200C,377
YDR201W,639
YDR202C,2860
YDR203W,
YDR204W,
YDR205W,1070
YDR206W,
YDR207C,217
YDR208W,
YDR209C,
YDR210W,13100
YDR211W,33800
YDR212W,
YDR213W,752
YDR214W,13900
YDR215C,
YDR216W,
YDR217C,400
YDR218C,
YDR219C,1360
YDR220C,
YDR221W,9760
YDR222W,1010
YDR223W,
YDR224C,
YDR225W,
YDR226W,123000
YDR227W,
YDR228C,2800
YDR229W,2840
YDR230W,
YDR231C,
YDR232W,22600
YDR233C,37100
YDR234W,7350
YDR235W,1730
YDR236C,830
YDR237W,
YDR238C,26000
YDR239C,155
YDR240C,361
YDR241W,
YDR242W,
YDR243C,
YDR244W,2070
YDR245W,6280
YDR246W,3130
YDR247W,784
YDR248C,504
YDR249C,
YDR250C,
YDR251W,300
YDR252W,1820
YDR253C,
YDR254W,606
YDR255C,
YDR256C,623
YDR257C,4010
YDR258C,2990
YDR259C,1350
YDR260C,
YDR261C,2410
YDR262W,4850
YDR263C,
YDR264C,4070
YDR265W,
YDR266C,1910
YDR267C,5640
YDR268W,672
YDR269C,
YDR270W,
YDR271C,
YDR272W,13700
YDR273W,
YDR274C,
YDR275W,922
YDR276C,
YDR277C,
YDR278C,
YDR279W,2340
YDR280W,4800
YDR281C,
YDR282C,
YDR283C,279
YDR284C,3040
YDR285W,391
YDR286C,
YDR287W,
YDR288W,2540
YDR289C,3930
YDR290W,
YDR291W,259
YDR292C,2000
YDR293C,1100
YDR294C,13100
YDR295C,1500
YDR296W,2610
YDR297W,54300
YDR298C,32400
YDR299W,15400
YDR300C,10400
YDR301W,639
YDR302W,
YDR303C,1750
YDR304C,
YDR305C,1920
YDR306C,
YDR307W,
YDR308C,1390
YDR309C,1130
YDR310C,149
YDR311W,5150
YDR312W,1350
YDR313C,195
YDR314C,78.6
YDR315C,
YDR316W,504
YDR317W,
YDR318W,952
YDR319C,
YDR320C,768
YDR320C-A,967
YDR321W,
YDR322C-A,4590
YDR322W,7700
YDR323C,768
YDR324C,5440
YDR325W,1920
YDR326C,
YDR327W,
YDR328C,
YDR329C,1400
YDR330W,6630
YDR331W,1560
YDR332W,172
YDR333C,339
YDR334W,656
YDR335W,3500
YDR336W,
YDR337W,6960
YDR338C,195
YDR339C,
YDR340W,
YDR341C,20600
YDR342C,7350
YDR343C,
YDR344C,
YDR345C,37200
YDR346C,45200
YDR347W,2840
YDR348C,1480
YDR349C,149
YDR350C,
YDR351W,
YDR352W,6350
YDR353W,292000
YDR354W,1760
YDR355C,
YDR356W,279
YDR357C,589
YDR358W,656
YDR359C,
YDR360W,
YDR361C,4590
YDR362C,1130
YDR363W,1890
YDR363W-A,5590
YDR364C,1630
YDR365C,656
YDR366C,
YDR367W,3420
YDR368W,14100
YDR369C,358
YDR370C,1040
YDR371W,3050
YDR372C,1850
YDR373W,7160
YDR374C,
YDR375C,1990
YDR376W,1600
YDR377W,14600
YDR378C,
YDR379C-A,861
YDR379W,254
YDR380W,6560
YDR381W,
YDR382W,602000
YDR383C,
YDR384C,
YDR385W,78100
YDR386W,300
YDR387C,
YDR388W,14600
YDR389W,1420
YDR390C,18800
YDR391C,6020
YDR392W,1710
YDR393W,279
YDR394W,
YDR395W,16300
YDR396W,
YDR397C,2950
YDR398W,33100
YDR399W,36500
YDR400W,
YDR401W,
YDR402C,
YDR403W,
YDR404C,6420
YDR405W,2170
YDR406W,
YDR407C,259
YDR408C,3910
YDR409W,149
YDR410C,2690
YDR411C,
YDR412W,2950
YDR413C,
YDR414C,
YDR415C,
YDR416W,2170
YDR417C,
YDR418W,50300
YDR419W,1860
YDR420W,
YDR421W,319
YDR422C,623
YDR423C,623
YDR424C,1310
YDR425W,1800
YDR426C,
YDR427W,12400
YDR428C,
YDR429C,
YDR430C,6140
YDR431W,
YDR432W,78700
YDR433W,
YDR434W,7520
YDR435C,
YDR436W,189
YDR437W,752
YDR438W,
YDR439W,1390
YDR440W,2160
YDR441C,937
YDR442W,
YDR443C,
YDR444W,2070
YDR445C,
YDR446W,
YDR447C,30500
YDR448W,1720
YDR449C,7520
YDR450W,48100
YDR451C,
YDR452W,319
YDR453C,4820
YDR454C,20500
YDR455C,
YDR456W,521
YDR457W,358
YDR458C,1250
YDR459C,
YDR460W,3050
YDR461W,28900
YDR462W,6280
YDR463W,1310
YDR464W,
YDR465C,1600
YDR466W,
YDR467C,
YDR468C,
YDR469W,937
YDR470C,
YDR471W,22900
YDR472W,8350
YDR473C,432
YDR474C,2130
YDR475C,
YDR476C,2120
YDR477W,589
YDR478W,172
YDR479C,5040
YDR480W,1310
YDR481C,3060
YDR482C,556
YDR483W,13000
YDR484W,3130
YDR485C,358
YDR486C,2110
YDR487C,5460
YDR488C,752
YDR489W,
YDR490C,
YDR491C,
YDR492W,
YDR493W,279
YDR494W,
YDR495C,2270
YDR496C,21500
YDR497C,
YDR498C,4910
YDR499W,606
YDR500C,19700
YDR501W,
YDR502C,22000
YDR503C,300
YDR504C,
YDR505C,259
YDR506C,589
YDR507C,736
YDR508C,10600
YDR509W,
YDR510W,2940
YDR511W,195
YDR512C,
YDR513W,31400
YDR514C,125
YDR515W,861
YDR516C,10600
YDR517W,2730
YDR518W,
YDR519W,5400
YDR520C,937
YDR521W,
YDR522C,238
YDR523C,
YDR524C,396
YDR525W,
YDR525W-A,20400
YDR526C,
YDR527W,688
YDR528W,259
YDR529C,10100
YDR530C,1770
YDR531W,6190
YDR532C,377
YDR533C,358
YDR534C,
YDR535C,
YDR536W,
YDR537C,
YDR538W,1750
YDR539W,861
YDR540C,172
YDR541C,
YDR542W,
YDR543C,
YDR544C,
YDR545W,
YEL001C,7110
YEL002C,14900
YEL003W,1660
YEL004W,
YEL005C,
YEL006W,1630
YEL007W,1710
YEL008W,
YEL009C,
YEL010W,
YEL011W,1230
YEL012W,1590
YEL013W,5680
YEL014C,
YEL015W,2340
YEL016C,
YEL017C-A,74700
YEL017W,1300
YEL018W,937
YEL019C,2800
YEL020C,
YEL020W-A,
YEL021W,
YEL022W,7700
YEL023C,
YEL024W,
YEL025C,
YEL026W,
YEL027W,8450
YEL028W,
YEL029C,
YEL030W,
YEL031W,1870
YEL032W,35100
YEL033W,
YEL034W,
YEL035C,
YEL036C,
YEL037C,10900
YEL038W,2850
YEL039C,1310
YEL040W,
YEL041W,300
YEL042W,8680
YEL043W,149
YEL044W,1720
YEL045C,
YEL046C,106000
YEL047C,7620
YEL048C,8660
YEL049W,
YEL050C,1580
YEL051W,8500
YEL052W,3570
YEL053C,1970
YEL054C,68500
YEL055C,4490
YEL056W,
YEL057C,
YEL058W,14700
YEL059C-A,358
YEL059W,
YEL060C,1600
YEL061C,238
YEL062W,319
YEL063C,
YEL064C,
YEL065W,
YEL066W,1160
YEL067C,
YEL068C,952
YEL069C,
YEL070W,125
YEL071W,13000
YEL072W,
YEL073C,
YEL074W,
YEL075C,
YEL076C,
YEL076C-A,
YEL076W-C,
YEL077C,
YER001W,1780
YER002W,2860
YER003C,5220
YER004W,1340
YER005W,450
YER006W,7130
YER007C-A,4220
YER007W,2140
YER008C,377
YER009W,
YER010C,846
YER011W,623
YER012W,21800
YER013W,907
YER014C-A,
YER014W,5350
YER015W,358
YER016W,3630
YER017C,3870
YER018C,3280
YER019C-A,414
YER019W,2170
YER020W,4570
YER021W,16700
YER022W,3650
YER023W,43500
YER024W,319
YER025W,20800
YER026C,
YER027C,3590
YER028C,
YER029C,861
YER030W,623
YER031C,5960
YER032W,
YER033C,
YER034W,1100
YER035W,538
YER036C,17600
YER037W,195
YER038C,
YER039C,
YER039C-A,98.9
YER040W,589
YER041W,131
YER042W,3070
YER043C,
YER044C,377
YER044C-A,
YER045C,
YER046W,
YER047C,300
YER048C,
YER048W-A,2440
YER049W,8910
YER050C,1210
YER051W,784
YER052C,48100
YER053C,
YER053C-A,2360
YER054C,125
YER055C,
YER056C,
YER056C-A,23600
YER057C,672
YER058W,
YER059W,1240
YER060W,
YER060w-A,
YER061C,1660
YER062C,5000
YER063W,6580
YER064C,1730
YER065C,
YER066C-A,
YER066W,
YER067W,8450
YER068W,4280
YER069W,1180
YER070W,293000
YER071C,799
YER072W,12100
YER073W,23300
YER074W,
YER075C,768
YER076C,
YER077C,432
YER078C,5080
YER079W,1890
YER080W,8200
YER081W,7670
YER082C,5800
YER083C,
YER084W,300
YER085C,
YER086W,11900
YER087C-A,217
YER087W,477
YER088C,2120
YER089C,12600
YER090W,6510
YER091C,264000
YER091C-A,
YER092W,2280
YER093C,
YER093C-A,1840
YER094C,
YER095W,6960
YER096W,
YER097W,
YER098W,98.9
YER099C,8120
YER100W,1900
YER101C,937
YER102W,14400
YER103W,17900
YER104W,259
YER105C,4420
YER106W,
YER107C,1820
YER109C,
YER110C,38300
YER111C,589
YER112W,3440
YER113C,
YER114C,688
YER115C,
YER116C,
YER117W,
YER118C,2330
YER119C,
YER119C-A,
YER120W,3500
YER121W,
YER122C,1510
YER123W,1320
YER124C,3080
YER125W,
YER126C,8660
YER127W,1430
YER128W,967
YER129W,752
YER130C,
YER131W,503000
YER132C,815
YER133W,14600
YER134C,6190
YER135C,
YER136W,7280
YER137C,
YER139C,5480
YER140W,
YER141W,
YER142C,
YER143W,6510
YER144C,300
YER145C,8370
YER146W,
YER147C,907
YER148W,
YER149C,7820
YER150W,
YER151C,2210
YER152C,1390
YER153C,468
YER154W,6550
YER155C,1230
YER156C,6080
YER157W,4140
YER158C,784
YER159C,5130
YER161C,1240
YER162C,876
YER163C,1300
YER164W,1620
YER165W,198000
YER166W,
YER167W,
YER168C,13500
YER169W,2230
YER170W,704
YER171W,14400
YER172C,1440
YER173W,752
YER174C,7800
YER175C,937
YER176W,736
YER177W,158000
YER178W,100000
YER179W,
YER180C,
YER181C,
YER182W,1920
YER183C,468
YER184C,
YER185W,
YER186C,
YER187W,
YER187W-A,
YER188W,
YER189W,
YER190W,
YFL001W,5860
YFL002C,5740
YFL003C,
YFL004W,2910
YFL005W,
YFL006W,1500
YFL007W,2600
YFL008W,5710
YFL009W,
YFL010C,6020
YFL010W-A,
YFL011W,
YFL012W,
YFL013C,1390
YFL013W-A,
YFL014W,4490
YFL015C,
YFL016C,7570
YFL017C,2550
YFL017W-A,1400
YFL018C,24600
YFL019C,
YFL020C,
YFL021W,1180
YFL022C,
YFL023W,1300
YFL024C,1110
YFL025C,
YFL026W,
YFL027C,573
YFL028C,1620
YFL029C,
YFL030W,339
YFL031W,8970
YFL032W,
YFL033C,
YFL034C-A,74700
YFL034C-B,2250
YFL034W,1110
YFL036W,
YFL037W,
YFL038C,
YFL039C,
YFL040W,
YFL041W,2840
YFL042C,
YFL043C,
YFL044C,2770
YFL045C,3500
YFL046W,
YFL047W,1750
YFL048C,2900
YFL049W,3180
YFL050C,2130
YFL051C,
YFL052W,
YFL053W,
YFL054C,
YFL055W,
YFL056C,
YFL057C,
YFL058W,
YFL059W,
YFL060C,195
YFL061W,
YFL062W,
YFL063W,
YFL064C,
YFL065C,
YFL066C,
YFL067W,
YFL068W,
YFR001W,3650
YFR002W,15500
YFR003C,1080
YFR004W,16400
YFR005C,167
YFR006W,
YFR007W,161
YFR008W,486
YFR009W,14600
YFR010W,6770
YFR011C,3550
YFR012W,
YFR012W-A,
YFR013W,1770
YFR014C,1520
YFR015C,6300
YFR016C,704
YFR017C,639
YFR018C,3970
YFR019W,149
YFR020W,
YFR021W,1560
YFR022W,
YFR023W,
YFR024C,18000
YFR024C-A,3670
YFR025C,4280
YFR026C,721
YFR027W,
YFR028C,8550
YFR029W,
YFR030W,1580
YFR031C,3290
YFR031C-A,
YFR032C,
YFR032C-A,51100
YFR033C,4490
YFR034C,
YFR035C,
YFR036W,
YFR037C,3380
YFR038W,
YFR039C,3170
YFR040W,5960
YFR041C,
YFR042W,
YFR043C,
YFR044C,22300
YFR045W,
YFR046C,1300
YFR047C,2660
YFR048W,656
YFR049W,2050
YFR050C,16900
YFR051C,18000
YFR052W,9890
YFR053C,40800
YFR054C,300
YFR055W,2610
YFR056C,
YFR057W,
YGL001C,2580
YGL002W,
YGL003C,
YGL004C,2210
YGL005C,1360
YGL006W,98.9
YGL007W,
YGL008C,1260000
YGL009C,96300
YGL010W,486
YGL011C,15200
YGL012W,1640
YGL013C,1300
YGL014W,721
YGL015C,
YGL016W,9760
YGL017W,2030
YGL018C,2010
YGL019W,8120
YGL020C,2250
YGL021W,2190
YGL022W,3000
YGL023C,
YGL024W,
YGL025C,556
YGL026C,15500
YGL027C,2840
YGL028C,22600
YGL029W,2340
YGL030W,59300
YGL031C,247000
YGL032C,1160
YGL033W,
YGL034C,
YGL035C,830
YGL036W,486
YGL037C,7720
YGL038C,9490
YGL039W,2340
YGL040C,11600
YGL041C,
YGL042C,
YGL043W,6260
YGL044C,6350
YGL045W,784
YGL046W,3040
YGL047W,1950
YGL048C,4700
YGL049C,3390
YGL050W,3390
YGL051W,
YGL052W,
YGL053W,1250
YGL054C,7110
YGL055W,
YGL056C,21200
YGL057C,
YGL058W,2770
YGL059W,450
YGL060W,3870
YGL061C,996
YGL062W,12500
YGL063W,
YGL064C,736
YGL065C,1840
YGL066W,486
YGL067W,846
YGL068W,6940
YGL069C,
YGL070C,2440
YGL071W,2730
YGL072C,
YGL073W,
YGL074C,
YGL075C,
YGL076C,101000
YGL077C,
YGL078C,38900
YGL079W,1630
YGL080W,396
YGL081W,
YGL082W,7620
YGL083W,1480
YGL084C,672
YGL085W,704
YGL086W,656
YGL087C,2760
YGL088W,
YGL089C,
YGL090W,876
YGL091C,
YGL092W,4630
YGL093W,
YGL094C,1510
YGL095C,5660
YGL096W,
YGL097W,12100
YGL098W,937
YGL099W,19400
YGL100W,952
YGL101W,1500
YGL102C,
YGL103W,
YGL104C,
YGL105W,57700
YGL106W,
YGL107C,4800
YGL108C,2430
YGL109W,
YGL110C,6300
YGL111W,2740
YGL112C,6510
YGL113W,125
YGL114W,
YGL115W,11700
YGL116W,
YGL117W,149
YGL118C,
YGL119W,952
YGL120C,16900
YGL121C,
YGL122C,9670
YGL123W,
YGL124C,
YGL125W,8600
YGL126W,538
YGL127C,468
YGL128C,
YGL129C,1300
YGL130W,279
YGL131C,
YGL132W,
YGL133W,2610
YGL134W,217
YGL135W,265000
YGL136C,
YGL137W,129000
YGL138C,
YGL139W,
YGL140C,1080
YGL141W,3120
YGL142C,
YGL143C,414
YGL144C,
YGL145W,6020
YGL146C,
YGL147C,52400
YGL148W,2310
YGL149W,
YGL150C,6280
YGL151W,2490
YGL152C,
YGL153W,2570
YGL154C,623
YGL155W,3940
YGL156W,319
YGL157W,2950
YGL158W,
YGL159W,172
YGL160W,
YGL161C,937
YGL162W,1100
YGL163C,
YGL164C,3670
YGL165C,
YGL166W,1760
YGL167C,6900
YGL168W,
YGL169W,538
YGL170C,
YGL171W,
YGL172W,4760
YGL173C,11700
YGL174W,
YGL175C,1030
YGL176C,
YGL177W,
YGL178W,1240
YGL179C,
YGL180W,1070
YGL181W,937
YGL182C,
YGL183C,
YGL184C,
YGL185C,1430
YGL186C,
YGL187C,9410
YGL188C,
YGL189C,16300
YGL190C,8600
YGL191W,
YGL192W,
YGL193C,
YGL194C,4890
YGL195W,7330
YGL196W,
YGL197W,396
YGL198W,
YGL199C,
YGL200C,26800
YGL201C,13400
YGL202W,1770
YGL203C,8550
YGL204C,
YGL205W,
YGL206C,28700
YGL207W,18500
YGL208W,300
YGL209W,504
YGL210W,4300
YGL211W,
YGL212W,2360
YGL213C,1710
YGL214W,
YGL215W,
YGL216W,736
YGL217C,
YGL218W,
YGL219C,377
YGL220W,2050
YGL221C,6000
YGL222C,
YGL223C,2190
YGL224C,
YGL225W,31900
YGL226C-A,1010
YGL226W,1170
YGL227W,1500
YGL228W,8640
YGL229C,279
YGL230C,
YGL231C,1320
YGL232W,2630
YGL233W,4280
YGL234W,35800
YGL235W,
YGL236C,
YGL237C,
YGL238W,23500
YGL239C,
YGL240W,1360
YGL241W,2940
YGL242C,
YGL243W,
YGL244W,6510
YGL245W,48700
YGL246C,4030
YGL247W,125
YGL248W,1400
YGL249W,
YGL250W,1820
YGL251C,
YGL252C,3260
YGL253W,114000
YGL254W,2120
YGL255W,
YGL256W,125
YGL257C,1170
YGL258W,
YGL258W-A,
YGL259W,
YGL260W,
YGL261C,
YGL262W,
YGL263W,
YGR001C,3060
YGR002C,2230
YGR003W,172
YGR004W,238
YGR005C,520
YGR006W,
YGR007W,4700
YGR008C,5330
YGR009C,
YGR010W,1430
YGR011W,
YGR012W,4650
YGR013W,782
YGR014W,1320
YGR015C,
YGR016W,238
YGR017W,2840
YGR018C,
YGR019W,573
YGR020C,4050
YGR021W,1780
YGR022C,
YGR023W,
YGR024C,1170
YGR025W,
YGR026W,
YGR027C,322000
YGR028W,3530
YGR029W,
YGR030C,3180
YGR031W,7400
YGR032W,
YGR033C,3770
YGR034W,33200
YGR035C,
YGR036C,
YGR037C,8500
YGR038W,2800
YGR039W,
YGR040W,5480
YGR041W,952
YGR042W,
YGR043C,1920
YGR044C,
YGR045C,
YGR046W,195
YGR047C,876
YGR048W,3530
YGR049W,3210
YGR050C,
YGR051C,
YGR052W,339
YGR053C,
YGR054W,
YGR055W,
YGR056W,259
YGR057C,656
YGR058W,1630
YGR059W,
YGR060W,77100
YGR061C,40800
YGR062C,468
YGR063C,4490
YGR064W,
YGR065C,
YGR066C,
YGR067C,
YGR068C,1970
YGR069W,
YGR070W,
YGR071C,1050
YGR072W,1250
YGR073C,
YGR074W,2400
YGR075C,2380
YGR076C,1550
YGR077C,538
YGR078C,6550
YGR079W,
YGR080W,1470
YGR081C,3670
YGR082W,5680
YGR083C,10300
YGR084C,16000
YGR085C,21200
YGR086C,115000
YGR087C,1520
YGR088W,319
YGR089W,996
YGR090W,3260
YGR091W,1260
YGR092W,3500
YGR093W,1270
YGR094W,358
YGR095C,10800
YGR096W,
YGR097W,
YGR098C,
YGR099W,638
YGR100W,768
YGR101W,
YGR102C,172
YGR103W,4530
YGR104C,1010
YGR105W,1480
YGR106C,12800
YGR107W,
YGR108W,300
YGR109C,
YGR110W,
YGR111W,768
YGR112W,623
YGR113W,
YGR114C,
YGR115C,
YGR116W,8890
YGR117C,1280
YGR118W,10600
YGR119C,9310
YGR120C,3270
YGR121C,
YGR122C-A,
YGR122W,
YGR123C,6990
YGR124W,58200
YGR125W,1420
YGR126W,
YGR127W,
YGR128C,16800
YGR129W,2460
YGR130C,10300
YGR131W,
YGR132C,9690
YGR133W,
YGR134W,1320
YGR135W,17100
YGR136W,
YGR137W,
YGR138C,
YGR139W,
YGR140W,1350
YGR141W,623
YGR142W,
YGR143W,468
YGR144W,
YGR145W,
YGR146C,589
YGR147C,1240
YGR148C,36900
YGR149W,
YGR150C,876
YGR151C,
YGR152C,
YGR153W,
YGR154C,
YGR155W,41900
YGR156W,937
YGR157W,1810
YGR158C,7380
YGR159C,77400
YGR160W,
YGR161C,2100
YGR162W,9760
YGR163W,2610
YGR164W,
YGR165W,3460
YGR166W,1660
YGR167W,3490
YGR168C,
YGR169C,377
YGR170W,
YGR171C,3120
YGR172C,
YGR173W,6200
YGR174C,704
YGR175C,65400
YGR176W,
YGR177C,3000
YGR178C,2870
YGR179C,2690
YGR180C,88900
YGR181W,
YGR182C,
YGR183C,4550
YGR184C,
YGR185C,2710
YGR186W,1920
YGR187C,20800
YGR188C,414
YGR189C,29500
YGR190C,
YGR191W,688
YGR192C,169000
YGR193C,414
YGR194C,3460
YGR195W,5150
YGR196C,
YGR197C,
YGR198W,1640
YGR199W,
YGR200C,6090
YGR201C,
YGR202C,3050
YGR203W,2310
YGR204W,35600
YGR205W,4280
YGR206W,752
YGR207C,2400
YGR208W,13800
YGR209C,17200
YGR210C,11600
YGR211W,39900
YGR212W,
YGR213C,
YGR214W,93700
YGR215W,
YGR216C,
YGR217W,
YGR218W,7080
YGR219W,
YGR220C,3190
YGR221C,56.9
YGR222W,799
YGR223C,
YGR224W,
YGR225W,
YGR226C,
YGR227W,
YGR228W,
YGR229C,5680
YGR230W,
YGR231C,2850
YGR232W,319
YGR233C,2930
YGR234W,13000
YGR235C,5220
YGR236C,
YGR237C,1050
YGR238C,468
YGR239C,
YGR240C,89800
YGR241C,6800
YGR242W,
YGR243W,6750
YGR244C,
YGR245C,3640
YGR246C,4330
YGR247W,1520
YGR248W,4320
YGR249W,
YGR250C,1910
YGR251W,1460
YGR252W,1180
YGR253C,17100
YGR254W,76700
YGR255C,2940
YGR256W,556
YGR257C,538
YGR258C,846
YGR259C,
YGR260W,
YGR261C,3570
YGR262C,3020
YGR263C,
YGR264C,85000
YGR265W,
YGR266W,3230
YGR267C,2840
YGR268C,
YGR269W,279
YGR270W,172
YGR271C-A,2840
YGR271W,486
YGR272C,
YGR273C,
YGR274C,1500
YGR275W,1550
YGR276C,
YGR277C,3610
YGR278W,3260
YGR279C,6190
YGR280C,3850
YGR281W,3610
YGR282C,45000
YGR283C,2820
YGR284C,
YGR285C,86400
YGR286C,504
YGR287C,752
YGR288W,
YGR289C,
YGR290W,
YGR291C,
YGR292W,5060
YGR293C,
YGR294W,
YGR295C,
YGR296W,
YHL001W,35100
YHL002W,358
YHL003C,
YHL004W,6890
YHL005C,
YHL006C,
YHL007C,259
YHL008C,
YHL009C,1680
YHL010C,
YHL011C,
YHL012W,
YHL013C,172
YHL014C,2360
YHL015W,
YHL016C,
YHL017W,14600
YHL018W,752
YHL019C,2890
YHL020C,1280
YHL021C,5800
YHL022C,
YHL023C,
YHL024W,
YHL025W,2900
YHL026C,830
YHL027W,1820
YHL028W,
YHL029C,12500
YHL030W,2950
YHL031C,
YHL032C,
YHL033C,238000
YHL034C,12800
YHL035C,
YHL036W,
YHL037C,
YHL038C,1360
YHL039W,5170
YHL040C,
YHL041W,
YHL042W,
YHL043W,
YHL044W,
YHL045W,
YHL046C,
YHL047C,
YHL048W,3070
YHL049C,
YHL050C,
YHR001W,2350
YHR001W-A,5590
YHR002W,
YHR003C,8430
YHR004C,377
YHR005C,9920
YHR005C-A,
YHR006W,6490
YHR007C,73200
YHR008C,10900
YHR009C,5240
YHR010W,7380
YHR011W,405
YHR012W,259
YHR013C,3310
YHR014W,
YHR015W,98.9
YHR016C,
YHR017W,
YHR018C,10200
YHR019C,
YHR020W,
YHR021C,
YHR021W-A,
YHR022C,
YHR023W,2140
YHR024C,31400
YHR025W,92600
YHR026W,
YHR027C,306000
YHR028C,
YHR029C,
YHR030C,3230
YHR031C,656
YHR032W,
YHR033W,
YHR034C,2610
YHR035W,450
YHR036W,1280
YHR037W,17200
YHR038W,1440
YHR039C,2500
YHR039C-A,2280
YHR040W,2800
YHR041C,1720
YHR042W,46600
YHR043C,2400
YHR044C,752
YHR045W,
YHR046C,2440
YHR047C,77000
YHR048W,
YHR049C-A,
YHR049W,14600
YHR050W,
YHR051W,12500
YHR052W,45900
YHR053C,31900
YHR054C,
YHR055C,6680
YHR056C,
YHR057C,339
YHR058C,4820
YHR059W,2630
YHR060W,752
YHR061C,1100
YHR062C,6300
YHR063C,2600
YHR064C,73600
YHR065C,
YHR066W,8150
YHR067W,799
YHR068W,7600
YHR069C,4840
YHR070W,4120
YHR071W,
YHR072W,2190
YHR072W-A,
YHR073W,589
YHR074W,172
YHR075C,
YHR076W,
YHR077C,1280
YHR078W,
YHR079C,259
YHR079C-A,
YHR080C,
YHR081W,
YHR082C,1270
YHR083W,1470
YHR084W,1920
YHR085W,4420
YHR086W,1480
YHR087W,2430
YHR088W,784
YHR089C,5730
YHR090C,
YHR091C,
YHR092C,
YHR093W,
YHR094C,23300
YHR095W,
YHR096C,
YHR097C,
YHR098C,12200
YHR099W,
YHR100C,
YHR101C,3460
YHR102W,1040
YHR103W,
YHR104W,12900
YHR105W,
YHR106W,414
YHR107C,1170
YHR108W,2270
YHR109W,2940
YHR110W,
YHR111W,2620
YHR112C,1360
YHR113W,172
YHR114W,5440
YHR115C,2790
YHR116W,1360
YHR117W,4110
YHR118C,2970
YHR119W,172
YHR120W,1670
YHR121W,8320
YHR122W,1800
YHR123W,
YHR124W,
YHR125W,
YHR126C,
YHR127W,2140
YHR128W,
YHR129C,1580
YHR130C,
YHR131C,172
YHR132C,468
YHR132W-A,1400
YHR133C,1900
YHR134W,
YHR135C,1630
YHR136C,2180
YHR137W,7700
YHR138C,319
YHR139C,
YHR139C-A,
YHR140W,
YHR141C,3890
YHR142W,
YHR143W,
YHR143W-A,907
YHR144C,1510
YHR145C,
YHR146W,2990
YHR147C,5680
YHR148W,
YHR149C,1550
YHR150W,
YHR151C,
YHR152W,937
YHR153C,
YHR154W,1380
YHR155W,1170
YHR156C,799
YHR157W,
YHR158C,1350
YHR159W,504
YHR160C,
YHR161C,623
YHR162W,3410
YHR163W,3420
YHR164C,
YHR165C,468
YHR166C,79.7
YHR167W,2840
YHR168W,189
YHR169W,3500
YHR170W,11900
YHR171W,
YHR172W,2230
YHR173C,149
YHR174W,2610
YHR175W,
YHR176W,
YHR177W,
YHR178W,279
YHR179W,15100
YHR180W,
YHR181W,1810
YHR182W,1720
YHR183W,101000
YHR184W,
YHR185C,
YHR186C,
YHR187W,3870
YHR188C,1680
YHR189W,339
YHR190W,10800
YHR191C,
YHR192W,3390
YHR193C,38000
YHR194W,1200
YHR195W,1900
YHR196W,20000
YHR197W,7820
YHR198C,1350
YHR199C,4420
YHR200W,17200
YHR201C,3170
YHR202W,
YHR203C,102000
YHR204W,656
YHR205W,3850
YHR206W,2570
YHR207C,5000
YHR208W,87300
YHR209W,4380
YHR210C,
YHR211W,
YHR212C,
YHR213W,
YHR214W,
YHR214W-A,
YHR215W,3290
YHR216W,7870
YHR217C,
YHR218W,
YHR219W,
YIL001W,195
YIL002C,98.9
YIL003W,
YIL004C,
YIL005W,6020
YIL006W,
YIL007C,846
YIL008W,1240
YIL009C-A,
YIL009W,6440
YIL010W,1840
YIL011W,
YIL012W,
YIL013C,
YIL014W,2310
YIL015C-A,
YIL015W,672
YIL016W,3350
YIL017C,
YIL018W,4050
YIL019W,
YIL020C,6490
YIL021W,10000
YIL022W,
YIL023C,
YIL024C,1540
YIL025C,
YIL026C,4090
YIL027C,5240
YIL028W,
YIL029C,
YIL030C,
YIL031W,450
YIL032C,
YIL033C,4280
YIL034C,6770
YIL035C,7180
YIL036W,1240
YIL037C,
YIL038C,2490
YIL039W,1070
YIL040W,
YIL041W,7720
YIL042C,4220
YIL043C,4820
YIL044C,5350
YIL045W,996
YIL046W,217
YIL047C,1160
YIL048W,
YIL049W,
YIL050W,3390
YIL051C,168000
YIL052C,21000
YIL053W,193000
YIL054W,521
YIL055C,
YIL056W,279
YIL057C,5530
YIL058W,
YIL059C,
YIL060W,
YIL061C,736
YIL062C,3060
YIL063C,3620
YIL064W,1620
YIL065C,2410
YIL066C,1360
YIL067C,
YIL068C,1080
YIL069C,6160
YIL070C,4910
YIL071C,504
YIL072W,
YIL073C,
YIL074C,2010
YIL075C,4750
YIL076W,23100
YIL077C,922
YIL078W,42600
YIL079C,1550
YIL083C,3170
YIL084C,105
YIL085C,2890
YIL086C,
YIL087C,
YIL088C,195
YIL089W,
YIL090W,606
YIL091C,172
YIL092W,105
YIL093C,1920
YIL094C,19100
YIL095W,1320
YIL096C,2960
YIL097W,784
YIL098C,589
YIL099W,
YIL100W,
YIL101C,195
YIL102C,
YIL103W,2530
YIL104C,7060
YIL105C,5190
YIL106W,5020
YIL107C,1710
YIL108W,195
YIL109C,
YIL110W,
YIL111W,2250
YIL112W,
YIL113W,
YIL114C,
YIL115C,1230
YIL116W,
YIL117C,
YIL118W,5910
YIL119C,1340
YIL120W,
YIL121W,
YIL122W,736
YIL123W,1800
YIL124W,3670
YIL125W,14300
YIL126W,1990
YIL127C,3670
YIL128W,3150
YIL129C,206
YIL130W,396
YIL131C,1720
YIL132C,414
YIL133C,43300
YIL134W,
YIL135C,2180
YIL136W,6490
YIL137C,5110
YIL138C,11100
YIL139C,
YIL140W,396
YIL141W,
YIL142W,
YIL143C,825
YIL144W,1160
YIL145C,2400
YIL146C,
YIL147C,656
YIL148W,11800
YIL149C,2770
YIL150C,1860
YIL151C,504
YIL152W,
YIL153W,4590
YIL154C,5110
YIL155C,1670
YIL156W,606
YIL157C,1680
YIL158W,
YIL159W,259
YIL160C,
YIL161W,1230
YIL162W,1780
YIL163C,
YIL164C,
YIL165C,
YIL166C,
YIL167W,
YIL168W,
YIL169C,
YIL170W,
YIL171W,
YIL172C,166
YIL173W,319
YIL174W,
YIL175W,
YIL176C,
YIL177C,
YIR001C,6490
YIR002C,
YIR003W,450
YIR004W,8970
YIR005W,922
YIR006C,
YIR007W,1070
YIR008C,197
YIR009W,504
YIR010W,1310
YIR011C,2120
YIR012W,19700
YIR013C,
YIR014W,
YIR015W,2070
YIR016W,
YIR017C,
YIR018W,238
YIR019C,
YIR020C,
YIR020W-B,
YIR021W,5240
YIR022W,3150
YIR023W,704
YIR024C,589
YIR025W,
YIR026C,7570
YIR027C,
YIR028W,
YIR029W,
YIR030C,
YIR031C,
YIR032C,
YIR033W,300
YIR034C,112000
YIR035C,2370
YIR036C,1620
YIR037W,8120
YIR038C,
YIR039C,
YIR040C,
YIR041W,
YIR042C,
YIR043C,
YIR044C,
YJL001W,7250
YJL002C,11900
YJL003W,672
YJL004C,238
YJL005W,
YJL006C,1590
YJL007C,
YJL008C,
YJL009W,
YJL010C,2930
YJL011C,2930
YJL012C,
YJL012C-A,8710
YJL013C,3170
YJL014W,
YJL015C,
YJL016W,3360
YJL017W,172
YJL018W,4510
YJL019W,
YJL020C,
YJL021C,2610
YJL022W,
YJL023C,721
YJL024C,1240
YJL025W,398
YJL026W,538
YJL027C,
YJL028W,
YJL029C,
YJL030W,1110
YJL031C,
YJL032W,
YJL033W,7900
YJL034W,337000
YJL035C,830
YJL036W,450
YJL037W,
YJL038C,
YJL039C,2520
YJL041W,2400
YJL042W,279
YJL043W,
YJL044C,2990
YJL045W,
YJL046W,
YJL047C,
YJL048C,1340
YJL049W,2530
YJL050W,12500
YJL051W,
YJL052C-A,
YJL052W,120000
YJL053W,
YJL054W,
YJL055W,6440
YJL056C,
YJL057C,892
YJL058C,1960
YJL059W,
YJL060W,1600
YJL061W,9470
YJL062W,259
YJL062W-A,2530
YJL063C,3030
YJL064W,
YJL065C,3390
YJL066C,3390
YJL067W,
YJL068C,1750
YJL069C,9570
YJL070C,1100
YJL071W,112
YJL072C,
YJL073W,3180
YJL074C,2660
YJL075C,
YJL076W,1590
YJL077C,
YJL078C,
YJL079C,556
YJL080C,
YJL081C,1070
YJL082W,4980
YJL083W,396
YJL084C,49.2
YJL085W,4280
YJL086C,
YJL087C,3110
YJL088W,1140
YJL089W,
YJL090C,540
YJL091C,
YJL092W,5190
YJL093C,
YJL094C,172
YJL095W,112
YJL096W,1840
YJL097W,
YJL098W,11200
YJL099W,1180
YJL100W,56.9
YJL101C,5130
YJL102W,1730
YJL103C,
YJL104W,3180
YJL105W,
YJL106W,
YJL107C,1480
YJL108C,
YJL109C,18200
YJL110C,319
YJL111W,
YJL112W,3730
YJL115W,6230
YJL116C,
YJL117W,
YJL118W,
YJL119C,
YJL120W,
YJL121C,3310
YJL122W,4780
YJL123C,2160
YJL124C,3490
YJL125C,7220
YJL126W,
YJL127C,1500
YJL127W-A,
YJL128C,2160
YJL129C,
YJL130C,11000
YJL131C,319
YJL132W,
YJL133W,1360
YJL134W,
YJL135W,
YJL136C,15300
YJL137C,981
YJL138C,
YJL139C,6400
YJL140W,
YJL141C,
YJL142C,
YJL143W,1210
YJL144W,149
YJL145W,6540
YJL146W,1850
YJL147C,981
YJL148W,3360
YJL149W,195
YJL150W,
YJL151C,12500
YJL152W,
YJL153C,
YJL154C,2360
YJL155C,1680
YJL156C,
YJL156W-A,
YJL157C,238
YJL158C,12500
YJL159W,14600
YJL160C,
YJL161W,
YJL162C,184
YJL163C,
YJL164C,4320
YJL165C,
YJL166W,6140
YJL167W,
YJL168C,217
YJL169W,
YJL170C,
YJL171C,5530
YJL172W,721
YJL173C,4280
YJL174W,
YJL175W,
YJL176C,3150
YJL177W,21100
YJL178C,8970
YJL179W,721
YJL180C,6370
YJL181W,
YJL182C,
YJL183W,3480
YJL184W,2180
YJL185C,
YJL186W,11400
YJL187C,
YJL188C,
YJL189W,
YJL190C,40400
YJL191W,3370
YJL192C,11700
YJL193W,
YJL194W,
YJL195C,
YJL196C,937
YJL197W,7110
YJL198W,3430
YJL199C,
YJL200C,4670
YJL201W,1750
YJL202C,
YJL203W,2490
YJL204C,2700
YJL205C-A,
YJL206C,
YJL207C,300
YJL208C,3870
YJL209W,2180
YJL210W,339
YJL211C,
YJL212C,2870
YJL213W,
YJL214W,623
YJL215C,
YJL216C,
YJL217W,721
YJL218W,
YJL219W,
YJL220W,
YJL221C,
YJL222W,279
YJL223C,
YJL225C,
YJR001W,1820
YJR002W,
YJR003C,3280
YJR004C,
YJR005W,1670
YJR006W,626
YJR007W,17100
YJR008W,339
YJR009C,121000
YJR010C-A,5550
YJR010W,1510
YJR011C,2560
YJR012C,538
YJR013W,
YJR014W,21600
YJR015W,639
YJR016C,171000
YJR017C,4400
YJR018W,
YJR019C,
YJR020W,
YJR021C,
YJR022W,1440
YJR023C,
YJR024C,952
YJR025C,2330
YJR030C,
YJR031C,2940
YJR032W,3230
YJR033C,149
YJR034W,
YJR035W,
YJR036C,
YJR037W,
YJR038C,
YJR039W,
YJR040W,
YJR041C,1660
YJR042W,7920
YJR043C,2410
YJR044C,2340
YJR045C,
YJR046W,2190
YJR047C,14200
YJR048W,7330
YJR049C,5040
YJR050W,1990
YJR051W,432
YJR052W,937
YJR053W,1380
YJR054W,538
YJR055W,2730
YJR056C,1890
YJR057W,2980
YJR058C,1390
YJR059W,1420
YJR060W,6890
YJR061W,
YJR062C,1640
YJR063W,8450
YJR064W,
YJR065C,6650
YJR066W,589
YJR067C,1500
YJR068W,4610
YJR069C,3490
YJR070C,39900
YJR071W,
YJR072C,15200
YJR073C,5890
YJR074W,2840
YJR075W,7160
YJR076C,9280
YJR077C,
YJR078W,149
YJR079W,907
YJR080C,2290
YJR082C,504
YJR083C,1140
YJR084W,1510
YJR085C,2100
YJR086W,5550
YJR087W,
YJR088C,5740
YJR089W,
YJR090C,
YJR091C,784
YJR092W,1600
YJR093C,1310
YJR094C,
YJR094W-A,45500
YJR095W,
YJR096W,6960
YJR097W,2010
YJR098C,1230
YJR099W,
YJR100C,
YJR101W,2060
YJR102C,
YJR103W,5370
YJR104C,519000
YJR105W,22200
YJR106W,
YJR107W,
YJR108W,
YJR109C,18000
YJR110W,1080
YJR111C,1890
YJR112W,2070
YJR113C,1340
YJR114W,
YJR115W,
YJR116W,
YJR117W,19600
YJR118C,1160
YJR119C,290
YJR120W,
YJR121W,164000
YJR122W,2960
YJR123W,
YJR124C,
YJR125C,
YJR126C,112
YJR127C,
YJR128W,
YJR129C,1550
YJR130C,2070
YJR131W,8260
YJR132W,13500
YJR133W,721
YJR134C,300
YJR135C,1030
YJR135W-A,
YJR136C,1470
YJR137C,2900
YJR138W,279
YJR139C,48900
YJR140C,922
YJR141W,
YJR142W,217
YJR143C,1270
YJR144W,
YJR145C,573
YJR146W,952
YJR147W,2050
YJR148W,25900
YJR149W,172
YJR150C,
YJR151C,
YJR152W,
YJR153W,
YJR154W,1600
YJR155W,
YJR156C,752
YJR157W,
YJR158W,
YJR159W,
YJR160C,
YJR161C,815
YJR162C,
YKL001C,2170
YKL002W,
YKL003C,
YKL003W-A,
YKL004W,4170
YKL005C,892
YKL006C-A,
YKL006W,45300
YKL007W,4380
YKL008C,2840
YKL009W,18200
YKL010C,7380
YKL011C,
YKL012W,
YKL013C,9020
YKL014C,5890
YKL015W,736
YKL016C,6820
YKL017C,1040
YKL018C-A,358
YKL018W,704
YKL019W,396
YKL020C,432
YKL021C,3730
YKL022C,2750
YKL023W,1730
YKL024C,1500
YKL025C,1600
YKL026C,
YKL027W,1170
YKL028W,35900
YKL029C,10500
YKL030W,
YKL031W,
YKL032C,
YKL033W,721
YKL033W-A,
YKL034W,
YKL035W,17200
YKL036C,
YKL037W,
YKL038W,195
YKL039W,
YKL040C,11300
YKL041W,1890
YKL042W,
YKL043W,1420
YKL044W,
YKL045W,
YKL046C,2580
YKL047W,2550
YKL048C,149
YKL049C,
YKL050C,
YKL051W,
YKL052C,2840
YKL053C-A,3870
YKL053W,
YKL054C,3380
YKL055C,1760
YKL056C,27800
YKL057C,
YKL058W,3910
YKL059C,1130
YKL060C,1020000
YKL061W,1240
YKL062W,
YKL063C,2190
YKL064W,259
YKL065C,7210
YKL066W,
YKL067W,7130
YKL068W,358
YKL069W,2610
YKL070W,
YKL071W,
YKL072W,211
YKL073W,137
YKL074C,4170
YKL075C,98.9
YKL076C,
YKL077W,606
YKL078W,721
YKL079W,1920
YKL080W,21100
YKL081W,102000
YKL082C,
YKL083W,
YKL084W,
YKL085W,28100
YKL086W,538
YKL087C,
YKL088W,2940
YKL089W,465
YKL090W,
YKL091C,2870
YKL092C,1230
YKL093W,
YKL094W,2140
YKL095W,2250
YKL096W,2060
YKL096W-a,1590000
YKL097C,
YKL098W,
YKL099C,
YKL100C,
YKL101W,
YKL102C,
YKL103C,5730
YKL104C,14300
YKL105C,538
YKL106C-A,
YKL106W,2910
YKL107W,
YKL108W,656
YKL109W,
YKL110C,5260
YKL111C,
YKL112W,4820
YKL113C,6120
YKL114C,7250
YKL115C,
YKL116C,1510
YKL117W,33700
YKL118W,
YKL119C,2030
YKL120W,5350
YKL121W,504
YKL122C,3400
YKL123W,
YKL124W,450
YKL125W,138
YKL126W,2950
YKL127W,9820
YKL128C,3250
YKL129C,155
YKL130C,4070
YKL131W,
YKL132C,
YKL133C,
YKL134C,2690
YKL135C,2690
YKL136W,
YKL137W,259
YKL138C,2120
YKL139W,125
YKL140W,1470
YKL141W,238
YKL142W,1550
YKL143W,589
YKL144C,752
YKL145W,105
YKL146W,
YKL147C,
YKL148C,10400
YKL149C,1130
YKL150W,1920
YKL151C,3870
YKL152C,172000
YKL153W,
YKL154W,8250
YKL155C,1900
YKL156W,43300
YKL157W,2910
YKL159C,521
YKL160W,5860
YKL161C,
YKL162C,1100
YKL162C-A,
YKL163W,
YKL164C,1170
YKL165C,
YKL165C-A,
YKL166C,1590
YKL167C,
YKL168C,981
YKL169C,
YKL170W,2460
YKL171W,
YKL172W,
YKL173W,300
YKL174C,
YKL175W,
YKL176C,
YKL177W,
YKL178C,
YKL179C,2650
YKL180W,
YKL181W,11700
YKL182W,91800
YKL183W,5930
YKL184W,688
YKL185W,1800
YKL186C,
YKL187C,
YKL188C,
YKL189W,1280
YKL190W,
YKL191W,3490
YKL192C,60500
YKL193C,3870
YKL194C,1240
YKL195W,5040
YKL196C,
YKL197C,2100
YKL198C,
YKL199C,
YKL201C,
YKL202W,
YKL203C,
YKL204W,3240
YKL205W,3490
YKL206C,2940
YKL207W,
YKL208W,
YKL209C,
YKL210W,17700
YKL211C,13400
YKL212W,48000
YKL213C,6800
YKL214C,1310
YKL215C,3180
YKL216W,264000
YKL217W,
YKL218C,
YKL219W,
YKL220C,
YKL221W,
YKL222C,
YKL223W,
YKL224C,
YKL225W,
YKR001C,5960
YKR002W,17100
YKR003W,2550
YKR004C,846
YKR005C,
YKR006C,1360
YKR007W,2740
YKR008W,8570
YKR009C,
YKR010C,339
YKR011C,3150
YKR012C,
YKR013W,
YKR014C,9380
YKR015C,
YKR016W,5730
YKR017C,2250
YKR018C,1770
YKR019C,
YKR020W,319
YKR021W,414
YKR022C,892
YKR023W,1710
YKR024C,1460
YKR025W,1590
YKR026C,8970
YKR027W,2540
YKR028W,
YKR029C,623
YKR030W,
YKR031C,49.2
YKR032W,
YKR033C,
YKR034W,
YKR035C,
YKR035W-A,2440
YKR036C,589
YKR037C,
YKR038C,1270
YKR039W,
YKR040C,
YKR041W,217
YKR042W,56900
YKR043C,11500
YKR044W,319
YKR045C,
YKR046C,2160
YKR047W,
YKR048C,8070
YKR049C,1240
YKR050W,
YKR051W,
YKR052C,1340
YKR053C,
YKR054C,195
YKR055W,
YKR056W,
YKR057W,27400
YKR058W,
YKR059W,106000
YKR060W,3060
YKR061W,
YKR062W,1150
YKR063C,647
YKR064W,149
YKR065C,3000
YKR066C,6730
YKR067W,3100
YKR068C,2370
YKR069W,
YKR070W,3870
YKR071C,1050
YKR072C,3750
YKR073C,
YKR074W,1230
YKR075C,1960
YKR076W,1670
YKR077W,861
YKR078W,1270
YKR079C,2710
YKR080W,16200
YKR081C,32400
YKR082W,3060
YKR083C,279
YKR084C,2750
YKR085C,358
YKR086W,1250
YKR087C,
YKR088C,11300
YKR089C,195
YKR090W,1310
YKR091W,
YKR092C,12900
YKR093W,
YKR094C,28200
YKR095W,2710
YKR096W,195
YKR097W,
YKR098C,
YKR099W,861
YKR100C,
YKR101W,
YKR102W,
YKR103W,
YKR104W,
YKR105C,
YKR106W,
YLL001W,9620
YLL002W,1140
YLL003W,
YLL004W,
YLL005C,
YLL006W,2490
YLL007C,486
YLL008W,
YLL009C,
YLL010C,5620
YLL011W,6620
YLL012W,7770
YLL013C,846
YLL014W,
YLL015W,
YLL016W,
YLL017W,
YLL018C,
YLL018C-A,5750
YLL019C,
YLL020C,
YLL021W,274
YLL022C,4550
YLL023C,1680
YLL024C,364000
YLL025W,
YLL026W,32800
YLL027W,125
YLL028W,1470
YLL029W,3240
YLL030C,
YLL031C,300
YLL032C,922
YLL033W,
YLL034C,4490
YLL035W,
YLL036C,11700
YLL037W,
YLL038C,1960
YLL039C,
YLL040C,125
YLL041C,9540
YLL042C,
YLL043W,907
YLL044W,
YLL045C,80200
YLL046C,
YLL047W,
YLL048C,3000
YLL049W,
YLL050C,19600
YLL051C,
YLL052C,
YLL053C,
YLL054C,339
YLL055W,
YLL056C,
YLL057C,
YLL058W,2070
YLL059C,
YLL060C,
YLL061W,
YLL062C,606
YLL063C,
YLL064C,
YLL065W,
YLL066C,
YLL067C,
YLR001C,206
YLR002C,11700
YLR003C,1200
YLR004C,
YLR005W,2340
YLR006C,1200
YLR007W,
YLR008C,
YLR009W,
YLR010C,
YLR011W,1270
YLR012C,
YLR013W,
YLR014C,
YLR015W,1310
YLR016C,1470
YLR017W,4820
YLR018C,
YLR019W,
YLR020C,1630
YLR021W,1820
YLR022C,5060
YLR023C,
YLR024C,49.2
YLR025W,3270
YLR026C,300
YLR027C,7700
YLR028C,7700
YLR029C,
YLR030W,
YLR031W,
YLR032W,1520
YLR033W,4460
YLR034C,
YLR035C,71.6
YLR035C-A,217
YLR036C,967
YLR037C,
YLR038C,1390
YLR039C,78.6
YLR040C,
YLR041W,
YLR042C,
YLR043C,8580
YLR044C,8970
YLR045C,1660
YLR046C,
YLR047C,
YLR048W,60900
YLR049C,339
YLR050C,358
YLR051C,
YLR052W,2280
YLR053C,
YLR054C,
YLR055C,8430
YLR056W,36200
YLR057W,71.6
YLR058C,67600
YLR059C,1730
YLR060W,5440
YLR061W,60400
YLR062C,
YLR063W,
YLR064W,2240
YLR065C,
YLR066W,6840
YLR067C,1160
YLR068W,1460
YLR069C,6350
YLR070C,
YLR071C,319
YLR072W,672
YLR073C,377
YLR074C,5630
YLR075W,
YLR076C,
YLR077W,
YLR078C,
YLR079W,768
YLR080W,
YLR081W,
YLR082C,538
YLR083C,
YLR084C,3670
YLR085C,238
YLR086W,573
YLR087C,
YLR088W,
YLR089C,9960
YLR090W,1210
YLR091W,
YLR092W,
YLR093C,1890
YLR094C,1050
YLR095C,7520
YLR096W,
YLR097C,
YLR098C,396
YLR099C,
YLR099W-A,
YLR100W,
YLR101C,
YLR102C,
YLR103C,1730
YLR104W,1990
YLR105C,319
YLR106C,538
YLR107W,
YLR108C,189
YLR109W,16200
YLR110C,158000
YLR111W,
YLR112W,
YLR113W,6780
YLR114C,7500
YLR115W,3060
YLR116W,4380
YLR117C,2140
YLR118C,1480
YLR119W,
YLR120C,5440
YLR121C,
YLR122C,
YLR123C,
YLR124W,
YLR125W,
YLR126C,1510
YLR127C,432
YLR128W,
YLR129W,9620
YLR130C,
YLR131C,538
YLR132C,486
YLR133W,3930
YLR134W,471000
YLR135W,274
YLR136C,
YLR137W,468
YLR138W,1480
YLR139C,3430
YLR140W,
YLR141W,
YLR142W,184
YLR143W,2270
YLR144C,1420
YLR145W,556
YLR146C,3870
YLR147C,
YLR148W,2020
YLR149C,
YLR149C-A,
YLR150W,46800
YLR151C,238
YLR152C,
YLR153C,225000
YLR154C,556
YLR155C,
YLR156W,
YLR157C,
YLR158C,
YLR159W,
YLR160C,
YLR161W,
YLR162W,
YLR163C,1360
YLR164W,
YLR165C,
YLR166C,2340
YLR167W,
YLR168C,2910
YLR169W,
YLR170C,6370
YLR171W,
YLR172C,13500
YLR173W,
YLR174W,2620
YLR175W,33600
YLR176C,377
YLR177W,1550
YLR178C,1030
YLR179C,6230
YLR180W,103000
YLR181C,4400
YLR182W,3340
YLR183C,284
YLR184W,
YLR185W,21800
YLR186W,
YLR187W,
YLR188W,1040
YLR189C,396
YLR190W,1070
YLR191W,7900
YLR192C,17900
YLR193C,704
YLR194C,688
YLR195C,
YLR196W,43800
YLR197W,13500
YLR198C,
YLR199C,1350
YLR200W,784
YLR201C,3420
YLR202C,
YLR203C,4800
YLR204W,
YLR205C,
YLR206W,1970
YLR207W,
YLR208W,21400
YLR209C,1630
YLR210W,98.9
YLR211C,
YLR212C,7200
YLR213C,
YLR214W,892
YLR215C,4850
YLR216C,18600
YLR217W,
YLR218C,907
YLR219W,131
YLR220W,2840
YLR221C,2940
YLR222C,8070
YLR223C,1430
YLR224W,
YLR225C,3990
YLR226W,2910
YLR227C,
YLR228C,78.6
YLR229C,
YLR230W,
YLR231C,3060
YLR232W,
YLR233C,
YLR234W,468
YLR235C,
YLR236C,
YLR237W,3120
YLR238W,
YLR239C,1200
YLR240W,1080
YLR241W,
YLR242C,
YLR243W,
YLR244C,19600
YLR245C,3120
YLR246W,
YLR247C,143
YLR248W,1790
YLR249W,871000
YLR250W,6900
YLR251W,1870
YLR252W,
YLR253W,1600
YLR254C,1540
YLR255C,
YLR256W,
YLR257W,18600
YLR258W,14600
YLR259C,
YLR260W,1760
YLR261C,
YLR262C,7720
YLR262C-A,3100
YLR263W,
YLR264W,8600
YLR265C,377
YLR266C,
YLR267W,
YLR268W,396
YLR269C,
YLR270W,9920
YLR271W,1470
YLR272C,2540
YLR273C,
YLR274W,10300
YLR275W,799
YLR276C,
YLR277C,17400
YLR278C,1080
YLR279W,
YLR280C,
YLR281C,
YLR282C,
YLR283W,
YLR284C,
YLR285W,7280
YLR286C,6350
YLR287C,9100
YLR287C-A,37600
YLR288C,414
YLR289W,1890
YLR290C,1420
YLR291C,6650
YLR292C,5290
YLR293C,
YLR294C,
YLR295C,6140
YLR296W,
YLR297W,922
YLR298C,2140
YLR299W,672
YLR300W,4280
YLR301W,15400
YLR302C,
YLR303W,
YLR304C,96700
YLR305C,846
YLR306W,
YLR307W,
YLR308W,
YLR309C,2350
YLR310C,319
YLR311C,
YLR312C,
YLR312W-A,6490
YLR313C,672
YLR314C,
YLR315W,1630
YLR316C,892
YLR317W,
YLR318W,
YLR319C,2610
YLR320W,
YLR321C,3940
YLR322W,
YLR323C,996
YLR324W,4570
YLR325C,50200
YLR326W,1520
YLR327C,504
YLR328W,5130
YLR329W,
YLR330W,172
YLR331C,
YLR332W,
YLR333C,162000
YLR334C,
YLR335W,2960
YLR336C,3060
YLR337C,
YLR338W,
YLR339C,
YLR340W,
YLR341W,
YLR342W,
YLR343W,
YLR344W,
YLR345W,3380
YLR346C,
YLR347C,51700
YLR348C,3390
YLR349W,
YLR350W,5240
YLR351C,4510
YLR352W,125
YLR353W,
YLR354C,53000
YLR355C,883000
YLR356W,
YLR357W,2330
YLR358C,1730
YLR359W,
YLR360W,1070
YLR361C,1940
YLR362W,736
YLR363C,6090
YLR363W-A,6650
YLR364W,573
YLR365W,
YLR366W,
YLR367W,19700
YLR368W,
YLR369W,5550
YLR370C,1920
YLR371W,
YLR372W,
YLR373C,2950
YLR374C,
YLR375W,1240
YLR376C,876
YLR377C,589
YLR378C,24800
YLR379W,
YLR380W,9600
YLR381W,319
YLR382C,2120
YLR383W,339
YLR384C,10500
YLR385C,4240
YLR386W,12400
YLR387C,2240
YLR388W,6490
YLR389C,
YLR390W,1890
YLR390W-A,42000
YLR392C,736
YLR393W,1890
YLR394W,
YLR395C,672
YLR396C,830
YLR397C,799
YLR398C,5770
YLR399C,8100
YLR400W,
YLR401C,3630
YLR402W,
YLR403W,259
YLR404W,846
YLR405W,3390
YLR406C,57500
YLR407W,3140
YLR408C,468
YLR409C,2020
YLR410W,8810
YLR411W,
YLR412W,6490
YLR413W,4280
YLR414C,1660
YLR415C,
YLR416C,
YLR417W,2470
YLR418C,538
YLR419W,195
YLR420W,12700
YLR421C,12200
YLR422W,238
YLR423C,358
YLR424W,556
YLR425W,
YLR426W,2130
YLR427W,922
YLR428C,
YLR429W,2900
YLR430W,125
YLR431C,538
YLR432W,26300
YLR433C,7040
YLR434C,
YLR435W,13400
YLR436C,1080
YLR437C,
YLR438C-A,7060
YLR438W,72000
YLR439W,7700
YLR440C,1840
YLR441C,92400
YLR442C,1400
YLR443W,
YLR444C,
YLR445W,
YLR446W,
YLR447C,1630
YLR448W,38400
YLR449W,14100
YLR450W,149
YLR451W,125
YLR452C,5980
YLR453C,589
YLR454W,1360
YLR455W,2610
YLR456W,589
YLR457C,339
YLR458W,
YLR459W,
YLR460C,799
YLR461W,
YLR462W,
YLR463C,
YLR464W,
YLR465C,
YLR466W,
YLR467W,
YML001W,5530
YML002W,
YML003W,
YML004C,2570
YML005W,656
YML006C,222
YML007C-A,
YML007W,1620
YML008C,53800
YML009C,2480
YML010C-B,
YML010W,2340
YML010W-A,
YML011C,1080
YML012W,51700
YML013C-A,
YML013W,12600
YML014W,2360
YML015C,
YML016C,217
YML017W,2190
YML018C,2010
YML019W,1080
YML020W,377
YML021C,4820
YML022W,11200
YML023C,907
YML024W,30900
YML025C,1180
YML026C,112000
YML027W,861
YML028W,378000
YML029W,1890
YML030W,1210
YML031W,3030
YML032C,1080
YML034W,2100
YML035C,3910
YML035C-A,
YML036W,
YML037C,815
YML038C,
YML041C,
YML042W,450
YML043C,476
YML046W,4460
YML047C,
YML048W,21400
YML048W-A,
YML049C,
YML050W,
YML051W,784
YML052W,17000
YML053C,656
YML054C,4590
YML055W,4890
YML056C,2970
YML057W,7110
YML058C-A,
YML058W,18800
YML058W-A,
YML059C,521
YML060W,3690
YML061C,259
YML062C,5910
YML063W,107000
YML064C,573
YML065W,3930
YML066C,
YML067C,3000
YML068W,846
YML069W,22400
YML070W,23600
YML071C,6440
YML072C,4280
YML073C,37100
YML074C,9490
YML075C,
YML076C,907
YML077W,
YML078W,1960
YML079W,
YML080W,1860
YML081C-A,6540
YML081W,672
YML082W,2810
YML083C,
YML084W,
YML085C,5590
YML086C,6190
YML087C,
YML088W,639
YML089C,
YML090W,
YML091C,1160
YML092C,7060
YML093W,1470
YML094W,2900
YML095C,
YML095C-A,
YML096W,3750
YML097C,4280
YML098W,2080
YML099C,
YML100W,1960
YML100W-A,
YML101C,1850
YML102C-A,
YML102W,2130
YML103C,11700
YML104C,784
YML105C,
YML106W,39300
YML107C,2210
YML108W,2610
YML109W,105
YML110C,8100
YML111W,339
YML112W,2640
YML113W,4700
YML114C,4680
YML115C,4750
YML116W,1720
YML117W,1540
YML117W-A,
YML118W,414
YML119W,
YML120C,5240
YML121W,907
YML122C,
YML123C,335000
YML124C,12300
YML125C,29000
YML126C,34800
YML127W,2610
YML128C,1070
YML129C,6840
YML130C,
YML131W,
YML132W,639
YML133C,
YMR001C,1480
YMR002W,6960
YMR003W,2820
YMR004W,2210
YMR005W,1940
YMR006C,623
YMR007W,
YMR008C,
YMR009W,
YMR010W,937
YMR011W,
YMR012W,17000
YMR013C,
YMR013W-A,
YMR014W,3250
YMR015C,24700
YMR016C,314
YMR017W,
YMR018W,
YMR019W,98.9
YMR020W,6960
YMR021C,14800
YMR022W,2100
YMR023C,768
YMR024W,300
YMR025W,
YMR026C,907
YMR027W,6190
YMR028W,
YMR029C,4010
YMR030W,
YMR031C,5570
YMR031W-A,
YMR032W,195
YMR033W,1790
YMR034C,
YMR035W,
YMR036C,
YMR037C,125
YMR038C,12000
YMR039C,7820
YMR040W,
YMR041C,
YMR042W,
YMR043W,8970
YMR044W,5820
YMR046W-A,
YMR047C,
YMR048W,358
YMR049C,2680
YMR052C-A,
YMR052W,1540
YMR053C,
YMR054W,1080
YMR055C,
YMR056C,
YMR057C,
YMR058W,1050
YMR059W,
YMR060C,1580
YMR061W,5350
YMR062C,
YMR063W,
YMR064W,504
YMR065W,
YMR066W,396
YMR067C,3570
YMR068W,1180
YMR069W,
YMR070W,1690
YMR071C,
YMR072W,3810
YMR073C,450
YMR074C,2550
YMR075C-A,
YMR075W,486
YMR076C,7720
YMR077C,937
YMR078C,
YMR079W,84300
YMR080C,6090
YMR081C,
YMR082C,
YMR083W,11600
YMR084W,
YMR085W,
YMR086C-A,
YMR086W,
YMR087W,
YMR088C,
YMR089C,11500
YMR090W,704
YMR091C,3510
YMR092C,11100
YMR093W,358
YMR094W,
YMR095C,
YMR096W,
YMR097C,1630
YMR098C,2430
YMR099C,8580
YMR100W,125
YMR101C,
YMR102C,538
YMR103C,
YMR104C,1310
YMR105C,3790
YMR106C,358
YMR107W,259
YMR108W,31900
YMR109W,2280
YMR110C,2930
YMR111C,238
YMR112C,396
YMR113W,2340
YMR114C,
YMR115W,8970
YMR116C,333000
YMR117C,1750
YMR118C,
YMR119W,
YMR119W-A,
YMR120C,60900
YMR121C,721
YMR122C,
YMR122W-A,49500
YMR123W,5750
YMR124W,166
YMR125W,11300
YMR126C,1200
YMR127C,
YMR128W,2000
YMR129W,3410
YMR130W,
YMR131C,
YMR132C,3060
YMR133W,
YMR134W,2950
YMR135C,639
YMR135W-A,
YMR136W,
YMR137C,259
YMR138W,468
YMR139W,6990
YMR140W,556
YMR141C,
YMR142C,54200
YMR143W,33800
YMR144W,2120
YMR145C,4930
YMR146C,2400
YMR147W,
YMR148W,922
YMR149W,8450
YMR150C,
YMR151W,
YMR152W,6540
YMR153C-A,
YMR153W,2060
YMR154C,432
YMR155W,
YMR156C,
YMR157C,1710
YMR158C-B,
YMR158W,
YMR158W-A,
YMR159C,573
YMR160W,279
YMR161W,1840
YMR162C,
YMR163C,736
YMR164C,
YMR165C,3910
YMR166C,2060
YMR167W,319
YMR168C,1900
YMR169C,172
YMR170C,2070
YMR171C,656
YMR172C-A,
YMR172W,149
YMR173W,
YMR173W-A,
YMR174C,
YMR175W,2300
YMR176W,259
YMR177W,6490
YMR178W,3890
YMR179W,
YMR180C,
YMR181C,721
YMR182C,1230
YMR183C,1720
YMR184W,1270
YMR185W,
YMR186W,132000
YMR187C,
YMR188C,2810
YMR189W,12000
YMR190C,
YMR191W,
YMR192W,2010
YMR193C-A,
YMR193W,4010
YMR194C-A,
YMR194W,31600
YMR195W,4050
YMR196W,2220
YMR197C,
YMR198W,98.9
YMR199W,319
YMR200W,2360
YMR201C,1030
YMR202W,2640
YMR203W,
YMR204C,639
YMR205C,90200
YMR206W,
YMR207C,396
YMR208W,3300
YMR209C,981
YMR210W,
YMR211W,
YMR212C,1670
YMR213W,784
YMR214W,8260
YMR215W,16400
YMR216C,2420
YMR217W,
YMR218C,432
YMR219W,
YMR220W,79.7
YMR221C,
YMR222C,1070
YMR223W,1030
YMR224C,432
YMR225C,1560
YMR226C,3210
YMR227C,1050
YMR228W,9380
YMR229C,8860
YMR230W,7650
YMR231W,1200
YMR232W,
YMR233W,2360
YMR234W,149
YMR235C,52200
YMR236W,6580
YMR237W,3460
YMR238W,2950
YMR239C,4970
YMR240C,1830
YMR241W,2930
YMR242C,54300
YMR243C,8200
YMR244C-A,721
YMR244W,
YMR245W,
YMR246W,31200
YMR247C,222
YMR250W,1200
YMR251W,
YMR251W-A,6140
YMR252C,172
YMR253C,
YMR254C,
YMR255W,2730
YMR256C,639
YMR257C,538
YMR258C,3080
YMR259C,7110
YMR260C,35100
YMR261C,13500
YMR262W,125
YMR263W,704
YMR264W,589
YMR265C,
YMR266W,
YMR267W,195
YMR268C,672
YMR269W,
YMR270C,
YMR271C,815
YMR272C,3290
YMR273C,279
YMR274C,
YMR275C,486
YMR276W,3930
YMR277W,6550
YMR278W,4960
YMR279C,
YMR280C,
YMR281W,
YMR282C,2680
YMR283C,259
YMR284W,892
YMR285C,3570
YMR286W,1200
YMR287C,1070
YMR288W,521
YMR289W,768
YMR290C,
YMR290W-A,217
YMR291W,10200
YMR292W,
YMR293C,486
YMR294W,
YMR294W-A,
YMR295C,10800
YMR296C,22400
YMR297W,44000
YMR298W,
YMR299C,1170
YMR300C,18700
YMR301C,3250
YMR302C,5260
YMR303C,1620
YMR304C-A,
YMR304W,2810
YMR305C,10500
YMR306C-A,
YMR306W,
YMR307W,12400
YMR308C,15500
YMR309C,78900
YMR310C,2540
YMR311C,3440
YMR312W,
YMR313C,3210
YMR314W,7210
YMR315W,9600
YMR316C-A,
YMR316C-B,
YMR316W,736
YMR317W,
YMR318C,21700
YMR319C,573
YMR320W,
YMR321C,
YMR322C,
YMR323W,
YMR324C,
YMR325W,
YMR326C,
YNL001W,1720
YNL002C,7720
YNL003C,521
YNL004W,1990
YNL005C,2290
YNL006W,589
YNL007C,20300
YNL008C,
YNL009W,
YNL010W,12600
YNL011C,1100
YNL012W,
YNL013C,
YNL014W,125
YNL015W,
YNL016W,49600
YNL017C,
YNL018C,
YNL019C,
YNL020C,1550
YNL021W,3050
YNL022C,922
YNL023C,589
YNL024C,1760
YNL025C,
YNL026W,
YNL027W,1160
YNL028W,
YNL029C,450
YNL030W,681000
YNL031C,248000
YNL032W,4070
YNL033W,396
YNL034W,
YNL035C,3970
YNL036W,2330
YNL037C,10500
YNL038W,
YNL039W,
YNL040W,1470
YNL041C,1720
YNL042W,
YNL043C,
YNL044W,5500
YNL045W,5590
YNL046W,704
YNL047C,2610
YNL048W,3140
YNL049C,1720
YNL050C,
YNL051W,468
YNL052W,3670
YNL053W,538
YNL054W,
YNL055C,
YNL056W,4530
YNL057W,
YNL058C,
YNL059C,2170
YNL061W,18700
YNL062C,2580
YNL063W,13200
YNL064C,119000
YNL065W,
YNL066W,24700
YNL067W,76000
YNL067W-A,
YNL068C,656
YNL069C,
YNL070W,3250
YNL071W,5440
YNL072W,623
YNL073W,2280
YNL074C,
YNL075W,
YNL076W,
YNL077W,125
YNL078W,504
YNL079C,3060
YNL080C,937
YNL081C,259
YNL082W,521
YNL083W,1170
YNL084C,2610
YNL085W,3430
YNL086W,195
YNL087W,2630
YNL088W,5730
YNL089C,
YNL090W,3870
YNL091W,217
YNL092W,952
YNL093W,830
YNL094W,2290
YNL095C,
YNL096C,43500
YNL097C,3250
YNL098C,19800
YNL099C,2310
YNL100W,5460
YNL101W,
YNL102W,1050
YNL103W,1300
YNL104C,6630
YNL105W,
YNL106C,
YNL107W,259
YNL108C,1950
YNL109W,
YNL110C,4280
YNL111C,5390
YNL112W,33100
YNL113W,8680
YNL114C,
YNL115C,
YNL116W,1750
YNL117W,
YNL118C,8530
YNL119W,2860
YNL120C,
YNL121C,45300
YNL122C,
YNL123W,3150
YNL124W,1810
YNL125C,
YNL126W,56.9
YNL127W,1080
YNL128W,
YNL129W,1460
YNL130C,981
YNL131W,6610
YNL132W,
YNL133C,468
YNL134C,3490
YNL135C,43300
YNL136W,300
YNL137C,3270
YNL138W,8760
YNL139C,521
YNL140C,1590
YNL141W,20700
YNL142W,
YNL143C,238
YNL144C,
YNL145W,
YNL146W,
YNL147W,3070
YNL148C,656
YNL149C,
YNL150W,
YNL151C,
YNL152W,
YNL153C,7470
YNL154C,6160
YNL155W,4280
YNL156C,3390
YNL157W,
YNL158W,6940
YNL159C,
YNL160W,
YNL161W,450
YNL162W,13600
YNL162W-A,396
YNL163C,7770
YNL164C,
YNL165W,
YNL166C,
YNL167C,504
YNL168C,2550
YNL169C,1080
YNL170W,
YNL171C,
YNL172W,178
YNL173C,1240
YNL174W,
YNL175C,3830
YNL176C,
YNL177C,1810
YNL178W,146000
YNL179C,
YNL180C,2180
YNL181W,13900
YNL182C,
YNL183C,284
YNL184C,623
YNL185C,3190
YNL186W,
YNL187W,
YNL188W,
YNL189W,2790
YNL190W,1380
YNL191W,7300
YNL192W,
YNL193W,
YNL194C,
YNL195C,
YNL196C,
YNL197C,5730
YNL198C,
YNL199C,
YNL200C,1380
YNL201C,7010
YNL202W,
YNL203C,
YNL204C,
YNL205C,
YNL206C,11100
YNL207W,10300
YNL208W,
YNL209W,104000
YNL210W,
YNL211C,
YNL212W,3500
YNL213C,1160
YNL214W,656
YNL215W,1470
YNL216W,4390
YNL217W,
YNL218W,1180
YNL219C,
YNL220W,56800
YNL221C,846
YNL222W,
YNL223W,3300
YNL224C,1440
YNL225C,
YNL226W,
YNL227C,2310
YNL228W,
YNL229C,7060
YNL230C,815
YNL231C,15400
YNL232W,5550
YNL233W,
YNL234W,195
YNL235C,
YNL236W,1720
YNL237W,
YNL238W,
YNL239W,521
YNL240C,
YNL241C,15000
YNL242W,876
YNL243W,40600
YNL244C,
YNL245C,861
YNL246W,3120
YNL247W,23000
YNL248C,
YNL249C,1050
YNL250W,830
YNL251C,19600
YNL252C,7430
YNL253W,
YNL254C,799
YNL255C,96700
YNL256W,4590
YNL257C,432
YNL258C,8970
YNL259C,
YNL260C,784
YNL261W,768
YNL262W,1970
YNL263C,
YNL264C,5040
YNL265C,4760
YNL266W,
YNL267W,1600
YNL268W,2580
YNL269W,
YNL270C,
YNL271C,166
YNL272C,13200
YNL273W,952
YNL274C,3280
YNL275W,195
YNL276C,
YNL277W,2240
YNL278W,1380
YNL279W,
YNL280C,1600
YNL281W,8530
YNL282W,1360
YNL283C,
YNL284C,5350
YNL285W,
YNL286W,1360
YNL287W,77900
YNL288W,18800
YNL289W,606
YNL290W,3140
YNL291C,3210
YNL292W,3990
YNL293W,178
YNL294C,
YNL295W,504
YNL296W,
YNL297C,2410
YNL298W,
YNL299W,2240
YNL300W,1480
YNL301C,63700
YNL302C,3440
YNL303W,
YNL304W,2850
YNL305C,
YNL306W,5300
YNL307C,396
YNL308C,1780
YNL309W,319
YNL310C,1520
YNL311C,432
YNL312W,6080
YNL313C,8070
YNL314W,
YNL315C,2840
YNL316C,2020
YNL317W,7810
YNL318C,
YNL319W,
YNL320W,259
YNL321W,259
YNL322C,623
YNL323W,2460
YNL324W,
YNL325C,339
YNL326C,2130
YNL327W,
YNL328C,573
YNL329C,1630
YNL330C,3850
YNL331C,
YNL332W,
YNL333W,
YNL334C,
YNL335W,
YNL336W,1730
YNL337W,
YNL338W,
YNR001C,
YNR001W-A,
YNR002C,
YNR003C,
YNR004W,1720
YNR005C,
YNR006W,172
YNR007C,3610
YNR008W,
YNR009W,2880
YNR010W,1360
YNR011C,172
YNR012W,
YNR013C,4280
YNR014W,2360
YNR015W,2650
YNR016C,20200
YNR017W,1440
YNR018W,12000
YNR019W,279
YNR020C,
YNR021W,34900
YNR022C,
YNR023W,
YNR024W,1350
YNR025C,
YNR026C,6160
YNR027W,6580
YNR028W,
YNR029C,1560
YNR030W,3550
YNR031C,217
YNR032C-A,
YNR032W,1960
YNR033W,1550
YNR034W,1970
YNR034W-A,2820
YNR035C,13400
YNR036C,238
YNR037C,
YNR038W,12700
YNR039C,
YNR040W,1140
YNR041C,
YNR042W,
YNR043W,13700
YNR044W,
YNR045W,450
YNR046W,4800
YNR047W,752
YNR048W,4510
YNR049C,1380
YNR050C,57500
YNR051C,11700
YNR052C,1520
YNR053C,67700
YNR054C,12800
YNR055C,
YNR056C,
YNR057C,
YNR058W,
YNR059W,
YNR060W,
YNR061C,339
YNR062C,
YNR063W,
YNR064C,
YNR065C,
YNR066C,
YNR067C,64.3
YNR068C,
YNR069C,
YNR070W,
YNR071C,
YNR072W,
YNR073C,
YNR074C,1560
YNR075W,2370
YNR076W,
YNR077C,
YOL001W,
YOL002C,
YOL003C,
YOL004W,1660
YOL005C,4280
YOL006C,2970
YOL007C,
YOL008W,
YOL009C,1070
YOL010W,10000
YOL011W,
YOL012C,2840
YOL013C,2660
YOL013W-A,
YOL014W,
YOL015W,
YOL016C,7500
YOL017W,432
YOL018C,
YOL019W,
YOL020W,752
YOL021C,606
YOL022C,125
YOL023W,1400
YOL024W,
YOL025W,195
YOL026C,
YOL027C,7390
YOL028C,1690
YOL029C,
YOL030W,11700
YOL031C,2420
YOL032W,1910
YOL033W,2940
YOL034W,892
YOL035C,
YOL036W,
YOL037C,
YOL038W,16800
YOL039W,428000
YOL040C,
YOL041C,5910
YOL042W,3480
YOL043C,125
YOL044W,1070
YOL045W,2220
YOL046C,1780
YOL047C,155
YOL048C,
YOL049W,3430
YOL050C,
YOL051W,606
YOL052C,7060
YOL052C-A,784
YOL053W,
YOL054W,6490
YOL055C,195
YOL056W,3730
YOL057W,3260
YOL058W,1870
YOL059W,8970
YOL060C,5890
YOL061W,3310
YOL062C,3410
YOL063C,125
YOL064C,7330
YOL065C,1200
YOL066C,1540
YOL067C,2190
YOL068C,1440
YOL069W,1550
YOL070C,1620
YOL071W,1080
YOL072W,1140
YOL073C,
YOL075C,
YOL076W,5800
YOL077C,13200
YOL077W-A,1320
YOL078W,704
YOL079W,
YOL080C,4280
YOL081W,
YOL082W,1250
YOL083W,
YOL084W,
YOL085C,
YOL086C,
YOL086W-A,
YOL087C,589
YOL088C,1520
YOL089C,238
YOL090W,1230
YOL091W,
YOL092W,1800
YOL093W,4090
YOL094C,2760
YOL095C,
YOL096C,259
YOL097C,12100
YOL098C,8120
YOL099C,
YOL100W,
YOL101C,
YOL102C,672
YOL103W,468
YOL104C,
YOL105C,
YOL106W,
YOL107W,1630
YOL108C,521
YOL109W,
YOL110W,937
YOL111C,6510
YOL112W,1730
YOL113W,238
YOL114C,
YOL115W,7550
YOL116W,491
YOL117W,1320
YOL118C,
YOL119C,
YOL120C,
YOL121C,29000
YOL122C,
YOL123W,
YOL124C,2020
YOL125W,1230
YOL126C,5260
YOL127W,
YOL128C,
YOL129W,1900
YOL130W,
YOL131W,
YOL132W,
YOL133W,
YOL134C,
YOL135C,7600
YOL136C,
YOL137W,414
YOL138C,606
YOL139C,14200
YOL140W,2300
YOL141W,830
YOL142W,6050
YOL143C,3260
YOL144W,2170
YOL145C,12900
YOL146W,2210
YOL147C,1630
YOL148C,4150
YOL149W,2880
YOL150C,
YOL151W,5460
YOL152W,
YOL153C,
YOL154W,
YOL155C,
YOL156W,
YOL157C,
YOL158C,
YOL159C,
YOL159C-A,125
YOL160W,
YOL161C,
YOL162W,
YOL163W,
YOL164W,
YOL165C,
YOL166C,
YOR001W,2160
YOR002W,
YOR003W,
YOR004W,6960
YOR005C,
YOR006C,3610
YOR007C,9420
YOR008C,664
YOR008C-A,
YOR008W-B,
YOR009W,
YOR010C,
YOR011W,
YOR012W,
YOR013W,
YOR014W,300
YOR015W,
YOR016C,2710
YOR017W,1730
YOR018W,386
YOR019W,
YOR020C,149
YOR021C,2520
YOR022C,736
YOR023C,339
YOR024W,
YOR025W,319
YOR026W,1430
YOR027W,67600
YOR028C,
YOR029W,
YOR030W,
YOR031W,
YOR032C,
YOR033C,672
YOR034C,815
YOR035C,3410
YOR036W,
YOR037W,2730
YOR038C,922
YOR039W,7160
YOR040W,
YOR041C,
YOR042W,623
YOR043W,1800
YOR044W,4280
YOR045W,
YOR046C,14900
YOR047C,238
YOR048C,623
YOR049C,
YOR050C,
YOR051C,10800
YOR052C,9520
YOR053W,
YOR054C,
YOR055W,
YOR056C,4490
YOR057W,1340
YOR058C,556
YOR059C,1210
YOR060C,1690
YOR061W,4540
YOR062C,2010
YOR063W,450
YOR064C,861
YOR065W,39900
YOR066W,
YOR067C,
YOR068C,
YOR069W,6120
YOR070C,206
YOR071C,
YOR072W,
YOR073W,
YOR074C,
YOR075W,
YOR076C,233
YOR077W,4590
YOR078W,2120
YOR079C,
YOR080W,
YOR081C,358
YOR082C,
YOR083W,1440
YOR084W,2350
YOR085W,4030
YOR086C,6140
YOR087W,1310
YOR088W,639
YOR089C,8760
YOR090C,7550
YOR091W,4220
YOR092W,
YOR093C,41.1
YOR094W,1240
YOR095C,5680
YOR096W,41000
YOR097C,1200
YOR098C,468
YOR099W,5480
YOR100C,
YOR101W,2050
YOR102W,
YOR103C,
YOR104W,996
YOR105W,3670
YOR106W,414
YOR107W,
YOR108W,28800
YOR109W,1520
YOR110W,2660
YOR111W,1940
YOR112W,1360
YOR113W,556
YOR114W,
YOR115C,
YOR116C,6020
YOR117W,
YOR118W,2600
YOR119C,
YOR120W,
YOR121C,
YOR122C,
YOR123C,1110
YOR124C,2420
YOR125C,
YOR126C,
YOR127W,396
YOR128C,5410
YOR129C,768
YOR130C,432
YOR131C,396
YOR132W,7380
YOR133W,82700
YOR134W,
YOR135C,
YOR136W,43100
YOR137C,
YOR138C,5930
YOR139C,
YOR140W,1040
YOR141C,1010
YOR142W,18400
YOR143C,3320
YOR144C,
YOR145C,
YOR146W,
YOR147W,10400
YOR148C,752
YOR149C,
YOR150W,6730
YOR151C,18700
YOR152C,1890
YOR153W,42000
YOR154W,3250
YOR155C,1590
YOR156C,3170
YOR157C,11400
YOR158W,2010
YOR159C,556
YOR160W,6340
YOR161C,
YOR162C,
YOR163W,3440
YOR164C,5350
YOR165W,2270
YOR166C,
YOR167C,94500
YOR168W,37500
YOR169C,
YOR170W,
YOR171C,2840
YOR172W,125
YOR173W,1810
YOR174W,1620
YOR175C,
YOR176W,22700
YOR177C,
YOR178C,
YOR179C,1430
YOR180C,
YOR181W,8580
YOR182C,18500
YOR183W,
YOR184W,15900
YOR185C,2460
YOR186W,
YOR187W,58500
YOR188W,172
YOR189W,538
YOR190W,
YOR191W,
YOR192C,
YOR193W,382
YOR194C,
YOR195W,314
YOR196C,1630
YOR197W,1400
YOR198C,33400
YOR199W,
YOR200W,
YOR201C,2760
YOR202W,2100
YOR203W,
YOR204W,
YOR205C,937
YOR206W,29000
YOR207C,1950
YOR208W,149
YOR209C,32100
YOR210W,5300
YOR211C,
YOR212W,2050
YOR213C,1800
YOR214C,
YOR215C,2870
YOR216C,7620
YOR217W,2360
YOR218C,
YOR219C,
YOR220W,967
YOR221C,1360
YOR222W,
YOR223W,
YOR224C,6210
YOR225W,
YOR226C,3420
YOR227W,195
YOR228C,
YOR229W,3750
YOR230W,7750
YOR231W,1040
YOR232W,
YOR233W,143
YOR234C,65600
YOR235W,
YOR236W,1080
YOR237W,1690
YOR238W,892
YOR239W,17000
YOR241W,7080
YOR242C,3000
YOR243C,4150
YOR244W,1170
YOR245C,907
YOR246C,967
YOR247W,
YOR248W,
YOR249C,259
YOR250C,
YOR250C,
YOR251C,5770
YOR252W,5350
YOR253W,2370
YOR254C,17700
YOR255W,
YOR256C,300
YOR257W,
YOR258W,396
YOR259C,
YOR260W,9530
YOR261C,19800
YOR262W,9230
YOR263C,
YOR264W,922
YOR265W,1760
YOR266W,1460
YOR267C,300
YOR268C,
YOR269W,
YOR270C,55700
YOR271C,9290
YOR272W,6670
YOR273C,21400
YOR274W,2020
YOR275C,2880
YOR276W,26900
YOR277C,
YOR278W,1360
YOR279C,861
YOR280C,
YOR281C,7700
YOR282W,
YOR283W,8300
YOR284W,1360
YOR285W,7470
YOR286W,4220
YOR287C,
YOR288C,830
YOR289W,1710
YOR290C,217
YOR291W,
YOR292C,
YOR293W,54100
YOR294W,
YOR295W,639
YOR296W,300
YOR297C,4440
YOR298C-A,47300
YOR298W,
YOR299W,2070
YOR300W,
YOR301W,
YOR302W,
YOR303W,2580
YOR304C-A,656
YOR304W,1520
YOR305W,1420
YOR306C,
YOR307C,784
YOR308C,
YOR309C,
YOR310C,34700
YOR311C,784
YOR312C,
YOR313C,
YOR314W,
YOR314W-A,
YOR315W,
YOR316C,2070
YOR317W,7470
YOR318C,
YOR319W,1240
YOR320C,238
YOR321W,2720
YOR322C,295
YOR323C,6920
YOR324C,259
YOR325W,
YOR326W,4340
YOR327C,300
YOR328W,
YOR329C,704
YOR330C,377
YOR331C,
YOR332W,16100
YOR333C,
YOR334W,768
YOR335C,33800
YOR336W,815
YOR337W,736
YOR338W,
YOR339C,
YOR340C,4070
YOR341W,2840
YOR342C,1360
YOR343C,
YOR344C,486
YOR345C,
YOR346W,521
YOR347C,2130
YOR348C,
YOR349W,704
YOR350C,861
YOR351C,
YOR352W,3510
YOR353C,892
YOR354C,7250
YOR355W,2280
YOR356W,3320
YOR357C,
YOR358W,450
YOR359W,3200
YOR360C,6510
YOR361C,47500
YOR362C,12000
YOR363C,
YOR364W,
YOR365C,
YOR366W,
YOR367W,1580
YOR368W,189
YOR369C,
YOR370C,23800
YOR371C,1640
YOR372C,799
YOR373W,892
YOR374W,22200
YOR375C,77500
YOR376W,
YOR377W,1990
YOR378W,
YOR379C,
YOR380W,
YOR381W,
YOR382W,
YOR383C,
YOR384W,
YOR385W,504
YOR386W,688
YOR387C,
YOR388C,
YOR389W,
YOR390W,
YOR391C,
YOR392W,
YOR393W,
YOR394W,
YOR396W,
YPL001W,
YPL002C,1040
YPL003W,
YPL004C,104000
YPL005W,1760
YPL006W,521
YPL007C,2070
YPL008W,98.9
YPL009C,7700
YPL010W,
YPL011C,3300
YPL012W,8170
YPL013C,
YPL014W,
YPL015C,5260
YPL016W,92.3
YPL017C,6400
YPL018W,1250
YPL019C,2630
YPL020C,377
YPL021W,
YPL022W,1400
YPL023C,
YPL024W,1500
YPL025C,
YPL026C,2810
YPL027W,
YPL028W,60900
YPL029W,1440
YPL030W,7720
YPL031C,6160
YPL032C,2180
YPL033C,
YPL034W,
YPL035C,
YPL036W,
YPL037C,18000
YPL038W,521
YPL039W,
YPL040C,1270
YPL041C,
YPL042C,
YPL043W,4990
YPL044C,
YPL045W,1300
YPL046C,538
YPL047W,672
YPL048W,60900
YPL049C,1460
YPL050C,1630
YPL051W,1920
YPL052W,
YPL053C,4380
YPL054W,
YPL055C,2060
YPL056C,
YPL057C,
YPL058C,752
YPL059W,6260
YPL060W,396
YPL061W,135000
YPL062W,
YPL063W,2400
YPL064C,2360
YPL065W,1420
YPL066W,396
YPL067C,1470
YPL068C,
YPL069C,2840
YPL070W,
YPL071C,
YPL072W,450
YPL073C,
YPL074W,259
YPL075W,259
YPL076W,
YPL077C,
YPL078C,12900
YPL079W,66400
YPL080C,
YPL081W,106000
YPL082C,6560
YPL083C,531
YPL084W,10200
YPL085W,358
YPL086C,4760
YPL087W,
YPL088W,
YPL089C,736
YPL090C,66000
YPL091W,7600
YPL092W,
YPL093W,28000
YPL094C,16500
YPL095C,573
YPL096W,4850
YPL097W,996
YPL098C,
YPL099C,
YPL100W,6020
YPL101W,358
YPL102C,
YPL103C,178
YPL104W,1550
YPL105C,830
YPL106C,71700
YPL107W,2100
YPL108W,
YPL109C,2470
YPL110C,2300
YPL111W,42800
YPL112C,2420
YPL113C,
YPL114W,
YPL115C,752
YPL116W,4420
YPL117C,25500
YPL118W,656
YPL119C,1480
YPL120W,2490
YPL121C,
YPL122C,8900
YPL123C,504
YPL124W,
YPL125W,6300
YPL126W,6560
YPL127C,6560
YPL128C,6380
YPL129W,3120
YPL130W,
YPL131W,
YPL132W,
YPL133C,799
YPL134C,2840
YPL135W,10800
YPL136W,
YPL137C,656
YPL138C,1680
YPL139C,3040
YPL140C,1950
YPL141C,556
YPL142C,
YPL143W,
YPL144W,2210
YPL145C,32200
YPL146C,1600
YPL147W,
YPL148C,486
YPL149W,606
YPL150W,
YPL151C,1770
YPL152W,2430
YPL153C,6900
YPL154C,
YPL155C,656
YPL156C,
YPL157W,
YPL158C,238
YPL159C,
YPL160W,158000
YPL161C,6330
YPL162C,1440
YPL163C,688
YPL164C,
YPL165C,
YPL166W,752
YPL167C,
YPL168W,
YPL169C,2830
YPL170W,6300
YPL171C,
YPL172C,
YPL173W,
YPL174C,238
YPL175W,1480
YPL176C,396
YPL177C,521
YPL178W,6200
YPL179W,319
YPL180W,243
YPL181W,1590
YPL182C,
YPL183C,3450
YPL183W-A,538
YPL184C,7950
YPL185W,
YPL186C,
YPL187W,
YPL188W,4650
YPL189W,
YPL190C,5830
YPL191C,2050
YPL192C,
YPL193W,259
YPL194W,238
YPL195W,13500
YPL196W,1560
YPL197C,
YPL198W,7080
YPL199C,2130
YPL200W,
YPL201C,
YPL202C,
YPL203W,2220
YPL204W,10300
YPL205C,
YPL206C,3270
YPL207W,5410
YPL208W,4800
YPL209C,149
YPL210C,11800
YPL211W,5170
YPL212C,8130
YPL213W,3630
YPL214C,
YPL215W,14200
YPL216W,3060
YPL217C,
YPL218W,
YPL219W,396
YPL220W,116000
YPL221W,
YPL222W,2430
YPL223C,
YPL224C,
YPL225W,37500
YPL226W,37600
YPL227C,5800
YPL228W,3900
YPL229W,922
YPL230W,
YPL231W,17000
YPL232W,450
YPL233W,3710
YPL234C,538
YPL235W,3030
YPL236C,
YPL237W,
YPL238C,
YPL239W,13100
YPL240C,445000
YPL241C,1630
YPL242C,279
YPL243W,6280
YPL244C,
YPL245W,1130
YPL246C,7850
YPL247C,799
YPL248C,166
YPL249C,1940
YPL249C-A,5370
YPL250C,450
YPL251W,
YPL252C,14800
YPL253C,
YPL254W,7950
YPL255W,922
YPL256C,1270
YPL257W,
YPL258C,
YPL259C,4420
YPL260W,
YPL261C,
YPL262W,6920
YPL263C,4010
YPL264C,
YPL265W,432
YPL266W,
YPL267W,688
YPL268W,
YPL269W,656
YPL270W,3390
YPL271W,4280
YPL272C,
YPL273W,60300
YPL274W,1300
YPL275W,
YPL276W,
YPL277C,
YPL278C,
YPL279C,
YPL280W,
YPL281C,
YPL282C,
YPL283C,
YPR001W,
YPR002C-A,
YPR002W,2730
YPR003C,
YPR004C,2950
YPR005C,
YPR006C,1080
YPR007C,
YPR008W,339
YPR009W,
YPR010C,14100
YPR011C,
YPR012W,
YPR013C,195
YPR014C,
YPR015C,
YPR016C,18600
YPR016W-A,
YPR017C,1500
YPR018W,1590
YPR019W,8800
YPR020W,
YPR021C,
YPR022C,238
YPR023C,1890
YPR024W,20100
YPR025C,8700
YPR026W,
YPR027C,
YPR028W,1760
YPR029C,4850
YPR030W,
YPR031W,172
YPR032W,
YPR033C,26800
YPR034W,1360
YPR035W,346000
YPR036W,22500
YPR037C,259
YPR038W,
YPR039W,
YPR040W,5710
YPR041W,48300
YPR042C,377
YPR043W,44600
YPR044C,
YPR045C,3360
YPR046W,279
YPR047W,1800
YPR048W,
YPR049C,85.5
YPR050C,
YPR051W,1940
YPR052C,3870
YPR053C,
YPR054W,
YPR055W,
YPR056W,4630
YPR057W,1870
YPR058W,
YPR059C,
YPR060C,
YPR061C,414
YPR062W,5180
YPR063C,2140
YPR064W,
YPR065W,238
YPR066W,752
YPR067W,1560
YPR068C,538
YPR069C,
YPR070W,4670
YPR071W,
YPR072W,5110
YPR073C,3500
YPR074C,40300
YPR074W-A,
YPR075C,1160
YPR076W,
YPR077C,
YPR078C,
YPR079W,
YPR080W,377
YPR081C,2290
YPR082C,
YPR083W,414
YPR084W,
YPR085C,
YPR086W,6750
YPR087W,
YPR088C,
YPR089W,
YPR090W,3690
YPR091C,861
YPR092W,
YPR093C,
YPR094W,
YPR095C,279
YPR096C,
YPR097W,3080
YPR098C,752
YPR099C,
YPR100W,3390
YPR101W,721
YPR102C,39000
YPR103W,8530
YPR104C,639
YPR105C,1620
YPR106W,521
YPR107C,3690
YPR108W,51900
YPR109W,
YPR110C,13000
YPR111W,3320
YPR112C,2220
YPR113W,3810
YPR114W,1920
YPR115W,300
YPR116W,2140
YPR117W,
YPR118W,922
YPR119W,339
YPR120C,521
YPR121W,
YPR122W,623
YPR123C,
YPR124W,1180
YPR125W,11300
YPR126C,
YPR127W,2190
YPR128C,2250
YPR129W,1280
YPR130C,
YPR131C,639
YPR132W,3340
YPR133C,2830
YPR133W-A,
YPR134W,861
YPR135W,3280
YPR136C,
YPR137W,5130
YPR138C,3820
YPR139C,6630
YPR140W,1340
YPR141C,3250
YPR142C,
YPR143W,6200
YPR144C,1630
YPR145W,
YPR146C,
YPR147C,2010
YPR148C,
YPR149W,
YPR150W,
YPR151C,
YPR152C,1310
YPR153W,
YPR154W,2190
YPR155C,2940
YPR156C,2760
YPR157W,
YPR158W,
YPR159W,4760
YPR160W,
YPR161C,2070
YPR162C,2170
YPR163C,24000
YPR164W,
YPR165W,
YPR166C,
YPR167C,217
YPR168W,1470
YPR169W,7750
YPR170C,
YPR171W,704
YPR172W,358
YPR173C,5350
YPR174C,3420
YPR175W,3110
YPR176C,1520
YPR177C,
YPR178W,1770
YPR179C,1100
YPR180W,7430
YPR181C,
YPR182W,2570
YPR183W,1890
YPR184W,125
YPR185W,149
YPR186C,1380
YPR187W,6090
YPR188C,1130
YPR189W,11900
YPR190C,2520
YPR191W,35700
YPR192W,
YPR193C,
YPR194C,
YPR195C,
YPR196W,
YPR197C,
YPR198W,
YPR199C,
YPR200C,
YPR201W,
YPR202W,
YPR203W,
YPR204W,
