ORF,Mean_Protein,Mean_RNAseq,protein2RNA
yaaA,14.738,0.036082474,408.4531454246
mog,21.221,0.019591141,1083.1936741204
dnaK,2435.911,0.494780793,4923.2125306044
dnaJ,68.948,0.12699115,542.935472275
ribF,13.22,0.148246546,89.1757707461
ileS,64.061,0.183238636,349.6042177481
lytB,30.665,,
dapB,50.366,0.087697929,574.3123078767
carA,477.221,0.544425087,876.5595329739
fixB,0.326,0.00053135,613.5315705279
fixC,3.352,0.000388802,8621.3548284217
kefC,3.107,0.007787325,398.981678561
folA,37.932,0.03131524,1211.2952032301
apaG,0.82,0.086206897,9.5119999505
surA,6.869,0.167962675,40.8959907313
yabO,5.437,,
hepA,25.95,0.028389539,914.0690872085
araB,1.594,0,
fruR,28.733,0.043824701,655.6348211024
yabB,5.859,,
yabC,20.017,,
murE,31.722,0.051782112,612.6053722954
murF,19.117,0.036450663,524.4623396836
murG,12.39,0.045454545,272.5800027258
ftsA,58.922,0.161648177,364.5076677852
secA,71.319,0.104805915,680.4864019364
mutT,3.868,0.017994859,214.9502810775
yacG,21.952,0.053299492,411.8613363144
guaC,67.478,0.146212848,461.505270727
hofB,0.774,0.002888087,267.9974668353
nadC,39.117,0.026315789,1486.446026756
aceE,843.19,0.999061209,843.982323009
aceF,850.657,0.906976744,937.9038719873
lpd,485.277,1.420294944,341.6733982262
acnB,231.593,0.436657682,530.3765616564
yacL,3.867,0.100828729,38.3521644907
speD,48.701,0.073047859,666.699896023
yacK,0.661,,
yadG,11.416,0.057775378,197.5928223265
yadE,1.944,0.008136697,238.9175853544
panC,53.307,0.12573443,423.9650189689
htrE,1.275,0,
pcnB,26.676,0.155332856,171.7344333127
yadB,2.26,0.015658747,144.3282786292
yadP,1.557,,
mrcB,0.945,0.023875296,39.5806611152
fhuA,3.905,0.061078912,63.9336863106
fhuC,11.085,0.020702635,535.4390878263
yadR,199.339,0.222383721,896.3740650783
yaeG,0.642,,
yaeH,150.126,0.224093264,669.9264284892
glnD,7.718,0.028443114,271.3486294082
map,124.971,0.147984887,844.4848831084
tsf,726.726,0.875440658,830.1259409864
pyrH,136.925,0.287586207,476.1181053443
frr,8.957,0.772890485,11.5889639915
b0174,21.068,,
hlpA,20.347,0.755670103,26.9257708082
lpxD,96.296,0.408780488,235.5689736346
fabZ,169.29,0.413186813,409.7178193342
lpxB,13.028,0.057055749,228.3380768518
dnaE,8.149,0.048248133,168.8977270893
ldcC,8.881,0.029191966,304.2275398649
yaeR,30.764,0.026992288,1139.7329489075
yaeQ,8.473,0.040366972,209.8993206624
yaeJ,0.526,0.030805687,17.0747693437
yaeC,15.557,,
yafC,18.608,0.012582057,1478.9314656578
yafD,7.967,0.05875,135.6085106383
dniR,0.772,,
gloB,7.29,0.042384106,171.9984373388
yafV,22.611,0.031168831,725.4362539294
fadE,11.891,0.007774141,1529.5580566393
dinJ,55.045,0.080769231,681.5095218624
yafM,0.157,0.007042254,22.293998484
yafO,2.34,0.00879397,266.0914240099
pepD,165.478,0.268359643,616.6277393654
yafA,4.914,,
proA,50.991,0.139664804,365.0955612267
mhpF,18.658,0.008947368,2085.305980485
mhpE,1.758,0.007897335,222.6067401218
adhC,28.569,,
yaiN,183.053,,
ddlA,25.582,0.072669104,352.034063885
yaiI,3.5,0.01419214,246.6153800625
yaiA,40.98,0.431937173,94.8749090415
yaiE,102.751,0.267605634,383.964262875
sbcC,3.02,0.008423395,358.5252739543
phoR,10.944,0.170656371,64.1288686492
yajC,1538.261,0.661144578,2326.6635637448
b0420,59.694,,
ispA,22.682,0.045606229,497.3443430282
yajQ,128.245,0.49389002,259.6630723577
cyoE,6.786,0.688764045,9.852430668
cyoD,114.088,0.907294833,125.7452328068
cyoC,46.768,0.417752443,111.9514697847
yajG,9.556,0.055363322,172.6052493743
bolA,82.072,0.444794953,184.5164821373
tig,729.704,1.011171032,721.6425084456
clpP,434.101,0.237560193,1827.3305578599
lon,158.851,0.204757859,775.7992820193
hupB,1146.626,1.108455882,1034.435396681
ybaX,15.784,0.055395683,284.9319503832
ybaE,3.347,0.001764706,1896.6332068911
mdlA,1.871,0.011286682,165.7705958226
mdlB,5.423,0.008702976,623.1201832569
ybaZ,4.021,0.007712082,521.3896843939
ybaA,1.058,0.025495751,41.4971106362
ylaD,8.178,,
ybaJ,0.281,0.104278075,2.6947179453
dnaX,14.346,0.056447437,254.1479429792
ybaB,91.551,0.37993921,240.9622318265
adk,687.39,0.663043478,1036.7193446702
hemH,0.502,0.018191268,27.595657433
ybaK,27.612,0.039665971,696.1130486381
ybaP,8.2,0.018261965,449.0206831521
ybaS,22.11,0.163626609,135.1247216765
ybbN,127.561,0.05971897,2136.0214350649
ybbO,28.971,0.027812114,1041.668389537
b0502,0.48,,
ybbB,6.821,0.009140768,746.2173856726
gcl,1.181,0.001684447,701.1203083267
glxK,4.205,0.010480349,401.2270965404
allC,1.03,0.004453441,231.2818335305
ybbF,5.421,,
ppiB,384.865,0.532388664,722.9023193477
cysS,80,0.060288809,1326.9461003949
intD,1.77,0.028374893,62.3790898524
b0542,3.438,,
nfrA,1.075,0.005047106,212.9933470785
nfrB,2.786,0.006481895,429.8125779575
cusS,2.136,0.008321775,256.6760096254
ybdG,9.066,0.022854852,396.6772569781
ybdF,5.995,0.006793478,882.4640338866
ybdK,11.685,0.024597496,475.0483545154
entF,32.275,0.006570472,4912.1280784699
fepB,8.456,0.014121339,598.8100703481
entE,33.049,0.017391304,1900.3175380064
ybdB,88.981,0.016949153,5249.8788582533
ybdN,1.991,0.001229508,1619.3469257622
dsbG,15.511,0.032841823,472.2941232586
ybdQ,80.329,,
rnk,4.373,0.046341463,94.3647376864
rna,1.475,0.035359801,41.7140356644
citG,0.455,0.000569476,798.9801150531
citB,1.062,0.006617647,160.4800014265
cspE,3057.05,5.224880383,585.0947344071
ybeC,27.157,,
lipA,30.797,0.178238342,172.7854941559
ybeD,213.204,0.057034221,3738.176769347
dacA,5.122,0.089182494,57.4327961719
ybeA,14.628,0.065310493,223.9762605987
ybeB,61.01,0.151419558,402.9202092903
phpB,2.07,,
leuS,96.516,0.156467854,616.8423579197
ybeL,68.529,0.199170124,344.0726883315
ybeW,0.3,,
gltI,0.207,0.328193833,0.6307248314
ybeX,43.68,0.137813212,316.9507434454
ybeY,20.673,0.114561028,180.4540371268
ybeZ,56.629,0.084337349,671.4581460226
yleB,18.52,,
nagC,37.702,0.049180328,766.607331289
glnS,67.294,0.103966346,647.2671454665
fur,193.209,0.471973094,409.3644372024
fldA,355.062,0.210377358,1687.7386586441
ybfF,13.199,0.017670157,746.9656325068
seqA,49.983,0.119266055,419.0882309304
pgm,98.608,0.115243902,855.6461408257
kdpE,5.556,0.003692762,1504.5648758301
kdpD,8.768,0.0085693,1023.1874248772
b0703,9.911,,
phrB,3.476,,
nei,0.885,0.019595449,45.1635479238
gltA,89.104,0.272018706,327.565707926
b0725,0.302,,
sucA,158.495,0.211353088,749.9062422026
cydA,485.087,0.123086735,3941.0176896804
ybgC,32.895,0.087871287,374.3543667455
tolB,3.359,0.189241486,17.7498077773
ybgF,0.253,0.243994943,1.0369067362
gpmA,760.082,1.079787234,703.9183054465
galM,48.021,0.076923077,624.2729993757
bioF,0.961,0.001733102,554.4970809566
uvrB,11.53,0.036615537,314.8936474699
moaC,0.181,0.028865979,6.2703572257
moaD,8.855,0.024489796,361.5791654614
moaE,7.619,0.032079646,237.5026208207
ybhF,1.038,0.020449309,50.7596613656
ybiB,51.812,0.048856549,1060.4924224181
ybiC,55.45,0.100460829,551.9564247275
ybiM,1.64,0.007692308,213.199991472
ybiN,20.175,0.037257019,541.5087020247
dps,8.687,3.314115308,2.6212123576
ybiS,9.515,0.077173913,123.2929578159
ybiT,25.551,0.084170854,303.561135307
b0822,13.503,,
moeB,1.41,0.027369826,51.5165861851
moeA,22.914,0.016194332,1414.9394985851
yliB,2.167,0.018530559,116.9419659709
b0836,0.616,,
yliJ,106.978,0.108626198,984.826883106
b0844,6.345,,
artP,35.802,0.067307692,531.915431003
ybjP,0.922,0.075728155,12.1751282598
b0866,56.032,,
ybjX,9.267,0.106854839,86.7251318398
b0878,0.251,,
cspD,53.579,0.799107143,67.0485809936
clpA,197.673,0.322056239,613.7841037136
infA,637.755,0.931192661,684.879753364
cydC,16.468,0.018303312,899.7278743869
cydD,15.779,0.013306908,1185.7750876462
ftsK,4.585,0.030458762,150.5313971723
lolA,2.87,0.109934853,26.1063704702
ycaJ,8.66,0.020848846,415.3707116451
serS,168.148,0.24380805,689.6737002736
ycaK,0.721,0.001694915,425.3900638085
pflB,238.944,0.388913234,614.3889667689
ycaO,0.325,0.036647727,8.8682171203
serC,187.766,0.388327206,483.525225889
msbA,24.296,0.045480549,534.2063922755
kdsB,35.914,0.091152815,393.9977059403
b0919,1.183,,
mukF,11,0.040847201,269.2962976827
mukB,37.896,0.04764574,795.3701632087
ycbB,2.697,0.053600433,50.3167577023
ycbL,42.293,0.262751159,160.9621824732
aspC,248.055,0.314705882,788.2121504167
pncB,27.614,0.101081531,273.1854150488
pepN,133.679,0.108346095,1233.8146566335
ycbE,0.256,,
ycbY,0.418,0.034155598,12.2381110118
uup,14.02,0.051651809,271.4328940541
pqiB,0.756,0.028658537,26.3795740864
ymbA,0.744,0.027372263,27.1807997753
fabA,610.512,0.507722008,1202.4532921173
sulA,1.571,0.02259332,69.5338268125
b0959,0.383,,
b0964,0.32,,
b0965,24.635,,
b0968,14.755,,
appC,3.091,0.00388601,795.4174075723
cspG,0.06,0.054245283,1.1060869569
torS,2.764,0.003279883,842.7129870181
torA,0.811,0.001767478,458.8458809671
yccD,44.788,,
yccJ,108.101,0.579295154,186.6078099455
wrbA,219.007,0.307885906,711.3251881039
b1010,0.218,,
b1012,0.093,,
putA,12.847,0.009464917,1357.3283315638
putP,32.437,0.025530504,1270.5193755674
ycdO,5.872,0.043478261,135.0559995948
phoH,14.447,0.257048872,56.2033199663
pgaA,1.314,,
ycdW,13.396,0.051705757,259.0814017093
csgG,2.845,0.034213685,83.1538608016
csgD,23.322,0.054615385,427.0225322041
ymdC,3.143,0.017593244,178.6481219723
mdoH,30.192,0.042272906,714.2163351628
yceA,36.831,0.086977186,423.4558703704
mviM,17.7,0.024377031,726.0933458221
yceC,12.929,,
yceF,23.693,0.077054795,307.4824869757
yceD,42.904,1.546065259,27.750445688
plsX,18.22,0.211682243,86.0724061772
fabH,84.754,0.240818468,351.941446617
fabD,5.316,0.356297094,14.9201329158
fabF,73.676,0.553988719,132.9918777642
tmk,13.506,0.037441498,360.7227467234
holB,11.615,0.03436255,338.0133313738
ycfH,7.146,0.099121706,72.0931901636
ycfF,73.177,,
nagZ,5.274,0.094146341,56.0191712602
ycfP,51.647,0.115313653,447.8827845303
ndh,58.781,0.126917178,463.1445555778
ycfR,1.134,0.017509728,64.7639986184
mfd,10.744,0.028148578,381.6889080507
b1117,56.729,,
ycfX,9.764,0.04884742,199.887732044
cobB,25.486,0.058402861,436.3827313186
pepT,14.968,0.13132137,113.9799257349
ycfD,28.655,0.064674398,443.0655852413
phoQ,7.058,0.03869863,182.3837174598
purB,100.924,0.11350365,889.1696434432
ycfB,60.094,,
ycgE,11.335,0.086183311,131.5219834151
b1163,9.01,,
fadR,28.758,0.041724618,689.2333921427
dadX,10.883,0.08317757,130.8405619448
treA,2.07,0.017088981,121.1306864932
ycgC,19.418,,
b1200,64.567,,
ycgV,0.341,0.00418556,81.4705798029
pth,15.983,0.02739726,583.3795058338
prsA,283.238,0.387539599,730.8620866896
ychB,8.579,,
prfA,25.663,0.049907579,514.2104769298
kdsA,94.955,0.151053864,628.6168224071
narG,2.978,0.001736575,1714.869786793
narH,1.101,0.002275683,483.8107943857
narJ,5.44,0,
b1228,0.67,,
ychJ,12.163,0.079694323,152.6206578102
ychK,13.06,,
b1240,0.244,,
b1248,17.477,,
kch,29.372,0.028731045,1022.3087952422
yciI,93.78,0.172297297,544.2917656451
yciE,4.107,0.010869565,377.8440075569
yciF,62.672,0.02,3133.6
yciL,51.674,,
sohB,42.35,0.09914204,427.1649040104
yciN,88.954,0.125498008,708.808063312
topA,60.165,0.119175972,504.8416974522
cysB,46.069,0.05698152,808.4901912059
yciM,13.589,0.048759624,278.6936995248
fabI,342.234,0.293781726,1164.9260989092
sapF,7.617,0.023573201,323.1211577927
sapA,3.547,0.013085819,271.056782919
ymjA,39.293,0.018367347,2139.2855484246
ycjX,5.889,0.011811024,498.6019840447
tyrR,10.341,0.056456846,183.1664489369
b1327,8.579,,
ydaA,87.363,,
ogt,2.209,0.013592233,162.5192858304
b1337,0.173,,
b1341,29.269,,
recE,0.183,0.0025,73.2
b1355,0.403,,
ydaW,1.778,0.002678571,663.7867728726
b1371,1.865,,
b1374,5.622,,
ynaF,125.83,,
ydbK,14.723,0.034477866,427.0275892365
hslJ,2.78,0.095971564,28.9669135745
ydbO,2.214,,
b1391,0.487,,
paaF,0.699,0.00065189,1072.2667934774
b1396,0.17,,
b1398,0.05,,
b1399,6.23,,
ydbC,6.566,0.027325581,240.287663051
b1410,0.112,,
hrpA,10.191,0.02496749,408.1707852892
aldA,125.054,0.259207783,482.446933316
ydcI,1.772,0.037378115,47.4074200906
b1423,3.925,,
tehB,11.537,0.049747049,231.9132537892
ydcN,4.435,0.010261194,432.2109103483
ydcP,11,0.024222336,454.1263072232
yncB,52.44,0.06460945,811.6459743892
narW,2.926,0.013669065,214.0599960568
narZ,0.987,0.012433155,79.3845166412
fdnG,0.209,0.001148671,181.9494006552
rpsV,3123.624,,
osmC,1.205,0.981438515,1.2277895982
ddpA,14,0.00516129,2712.5001695313
pqqL,0.851,0.003398927,250.3731324621
b1501,0.779,,
hipA,4.308,0.018910741,227.8070436267
ydeH,6.114,0.040449438,151.1516674224
ydeI,0.653,0.100765306,6.4804050712
ydeJ,11.72,0.012548263,933.9938125301
dcp,32.605,0.051344743,635.0211938932
ydfG,126.723,0.308310992,411.023295595
b1552,54.184,,
b1555,90.108,,
cspB,53.435,0.062790698,851.0018474393
relE,1.943,0.090592334,21.4477308864
relB,33.857,0.083682008,404.5911517802
rspA,0.223,0.002059308,108.2888038118
b1593,2.989,,
b1598,1.263,,
fumC,20.83,0.025659301,811.7914046061
manA,22.119,0.047659574,464.1040224153
b1624,23.166,,
b1625,41.427,,
b1628,3.979,,
rsxC,8.534,0.02070207,412.2293084701
nth,6.104,0.018110236,337.0469606249
pdxH,25.51,0.067073171,380.3309075696
b1648,18.493,,
b1649,6.373,,
gloA,98.724,0.138820639,711.1622645679
lhr,4.216,0.011048527,381.5893286046
ydhD,448.401,0.390489914,1148.3036665577
b1667,70.832,,
b1668,18.178,,
b1672,0.433,,
b1673,0.927,,
b1675,21.463,,
pykF,0.152,0.316572238,0.4801431767
ynhG,3.653,0.062749004,58.2160634773
b1685,253.529,,
ydiJ,6.558,0.073134817,89.6700131211
ydiB,0.364,0.012124711,30.0213341167
pps,115.188,0.162952061,706.8827438764
ydiA,18.364,0.029411765,624.3759937562
thrS,783.577,0.59439834,1318.2691593654
pfkB,36.614,0.075349839,485.9200827224
b1731,7.844,,
katE,149.12,0.157231314,948.4115867657
ydjC,1.772,,
nadE,30.911,0.125151149,246.989342463
spy,0.158,0.015463918,10.21733302
b1745,2.875,,
astC,19.916,0.016803279,1185.2448560784
xthA,6.681,0.066377171,100.6520750937
topB,8.997,0.051759306,173.8238144074
ydjA,29.847,0.114337568,261.0428096564
ansA,29.931,0.026574803,1126.2924507851
ydjB,18.786,,
b1770,23.538,,
b1773,0.921,,
yeaA,60.858,0.240920097,252.6065727095
gapA,2380.382,2.107035176,1129.7305460837
yeaU,2.432,0.003225806,753.9201055488
rnd,5.04,0.020408163,246.9600032105
yeaB,4.674,0.021626298,216.1257557812
manX,57.951,0.20700309,279.9523427404
manY,197.264,0.17625,1119.2283687943
cspC,7890.539,6.578947368,1199.3619280768
htpX,22.639,0.209988649,107.8105893238
yebJ,166.482,,
yebE,13.232,0.043247344,305.9609857197
yebG,75.599,0.065517241,1153.8794803646
edd,16.906,0.053561568,315.636764032
zwf,113.158,0.161016949,702.7707375079
pykA,118.856,0.127947295,928.9450003613
lpxM,24.963,0.060247168,414.3431272985
yebM,8.029,,
yebB,0.557,0,
ruvC,4.108,0.107485605,38.2190712887
yebC,162.088,0.232432432,697.3553501346
aspS,182.294,0.136286682,1337.5775044549
yecM,9.311,0.020318021,458.2631349776
cheY,11.765,0.010282776,1144.146288901
tar,0.334,0.000602047,554.7739628301
cheW,0.437,0,
flhC,1.058,0.061418685,17.226028203
flhD,8.244,0.125348189,65.7688002178
otsA,43.825,0.110955056,394.9797474754
pgsA,25.135,0.028284672,888.6438562908
uvrC,9.982,0.050491266,197.6975582272
uvrY,29.111,0.138719512,209.8551211743
sdiA,11.684,0.023545706,496.226360764
yecC,9.903,0.029920213,330.9802640777
yedO,19.701,0.024340771,809.3827430528
fliY,4.901,0.2625,18.6704761905
fliN,0.153,0.004842615,31.594500079
yedJ,1.016,0.056115108,18.1056409978
yedU,31.362,,
yedV,3.461,0.009204713,376.0030323596
yedW,1.456,0.030551416,47.6573655375
b1983,47.252,,
cobT,6.713,0.024559778,273.3330895743
flu,2.273,0.189804424,11.9754848285
yeeR,1.753,0.022193211,78.9881193848
yeeX,269.523,0.418987342,643.2724165686
sbcB,3.146,0.02067274,152.1810848489
hisC,20.736,0.041121495,504.261822193
hisI,0.714,0.081833061,8.7250799527
gnd,0.504,0.81970128,0.6148581347
wbbK,64.301,0.033989267,1891.8030800723
glf,192.91,0.164551224,1172.3401097278
rfbD,50.046,0.107341491,466.2316456923
galF,231.012,0.357782755,645.6767319599
yegH,6.66,0.008528111,780.946683269
asmA,1.707,0.047220723,36.1493829732
dcd,79.14,0.123063683,643.0816799136
yegE,2.345,0.014470907,162.0492758332
alkA,2.002,0.01120283,178.704845115
b2073,0.192,,
b2074,1.805,,
baeR,12.299,0.017313019,710.3902560264
b2085,1.023,,
gatB,26.326,0.271126761,97.0984933501
gatA,38.544,0.2125,181.3835294118
gatZ,289.881,0.39659271,730.9287152555
gatY,58.535,0.464871194,125.916599599
b2097,4.555,,
yegU,0.621,0.008466135,73.3510627931
metG,79.581,0.092228234,862.8702572793
yehL,1.142,0.000459559,2484.9910457634
mlrA,13.345,0.045143639,295.6119687206
pbpG,1.067,0.020386266,52.3391581371
yohF,18.245,0.022996058,793.3968508864
yohI,0.114,,
yeiA,11.173,0.002834008,3942.4729923134
cirA,0.378,0.014565545,25.9516550874
nfo,15.691,0.037922987,413.7596017951
fruK,40.817,0.04424307,922.5625617752
yeiP,113.635,0.068181818,1666.6466711111
rtn,9.522,0.012532134,759.8067495927
rsuA,28.718,0.054676259,525.237105194
yejH,0.844,0.005113636,165.0489006257
yejL,94.827,0.072687225,1304.5896304337
napD,1.045,0,
yojL,1.135,0.009478673,119.7424998204
ompC,0.824,6.457388939,0.1276057564
yojN,13.419,,
rcsB,368.665,0.331538462,1111.9825970599
rcsC,8.874,0.030748663,288.5979139971
gyrA,68.835,0.241910925,284.5468843542
ubiG,18.473,0.083795014,220.4546442346
nrdA,251.1,0.061706783,4069.2447052377
glpC,0.663,0.00210084,315.5880504941
b2248,0.444,,
yfaO,2.982,0.009411765,316.8374900988
b2255,8.168,,
menC,3.981,0.085758836,46.4208725967
menB,22.182,0.089848308,246.8827793619
menD,9.335,0.018562874,502.8854906843
elaB,390.765,2.904918033,134.518425498
elaA,2.175,0.122559653,17.7464601666
nuoG,39.583,0.229685212,172.3358663596
nuoF,9.227,0.249813014,36.9356257797
nuoE,70.378,0.359,196.0389972145
nuoC,32.453,0.216981132,149.566000052
nuoB,46.786,0.395015106,118.4410400751
nuoA,109.877,0.261851016,419.6164738196
b2290,25.141,,
yfbT,0.806,0.083076923,9.7018518608
ackA,201.673,0.111064892,1815.8123270853
pta,62.472,0.06926306,901.9526425774
b2299,38.871,,
yfcE,41.285,0.09566787,431.5450945025
yfcF,36.765,0.034937888,1052.2960059864
hisJ,2.428,0.061381074,39.5561667754
argT,1.631,0.130434783,12.5043332958
ubiX,36.02,0.014059754,2561.9224916738
dedD,0.69,0.068731118,10.0391208535
folC,15.213,0.044952681,338.4225292369
truA,5.627,0.079433498,70.83913137
fabB,162.983,0.21147541,770.6948056041
b2341,2.199,,
intC,3.601,,
dsdA,1.887,0.00753012,250.593616038
evgS,5.08,0.018369051,276.5521201939
oxc,2.869,0.002066116,1388.5958000422
b2384,0.918,,
b2385,0.062,,
yfeR,2.465,0.004319654,570.6475564941
lig,22.029,,
cysM,10.097,0.035675082,283.0266795182
ucpA,8.279,0.031605563,261.9475565109
yfeU,4.785,0.004464286,1071.8399314023
hemF,12.758,0.0189099,674.6730548549
eutB,6.341,0.037472447,169.217665449
b2443,0.177,,
eutI,0.168,0,
b2459,0.707,,
b2463,46.601,,
tktB,77.395,0.163504743,473.3501828751
yffH,14.4,0.03826087,376.3636320868
ypfI,2.615,0.0191067,136.8629852355
dapA,1.106,0.328018223,3.3717638913
b2496,12.201,,
ppk,27.721,0.047192643,587.4008794125
guaA,335.577,0.24857324,1350.0125757704
b2511,23.971,,
hisS,75.695,0.175824176,430.5153120695
gcpE,39.344,,
yfgA,12.797,0.08242843,155.2498330976
yfgB,27.658,0.089688042,308.3800179293
ndk,178.237,0.339907193,524.3696034405
b2520,0.716,,
pepB,49.951,0.11847233,421.6258766921
b2529,462.18,,
b2530,826.119,,
yphE,1.44,0.00198544,725.2800386816
glyA,1640.447,1.004389465,1633.2777843304
glnB,83.224,0.213017751,390.6904453235
yfhA,9.277,0.022113943,419.5090852861
purL,39.44,0.112940571,349.2102054274
yfhC,10.129,,
acpS,11.815,0.064473684,183.2530618229
recO,0.286,0.039148352,7.305543794
era,0.779,0.14640884,5.3207169731
rnc,69.417,0.183088235,379.14506085
lepA,64.087,0.094774875,676.2024217916
yfiD,119.553,0.186684073,640.402783584
ung,14.487,0.029027576,499.0771533937
yfiF,17.936,0.066055931,271.5274726807
yfiQ,11.377,0.02424812,469.1910135714
pssA,94.049,0.117343173,801.4867639552
clpB,115.102,0.093082005,1236.5655423946
sfhB,21.145,,
yfiA,555.169,0.357771261,1551.742860643
tyrA,12.826,0.037466548,342.3320451086
yfjB,16.726,0.025626424,652.6856809986
recN,11.842,0.009632751,1229.3476702554
smpB,14.608,0.079875519,182.884570678
yfjK,0.616,0.010050251,61.2920015629
yfjL,2.996,0.025371287,118.0862445015
gabD,35.302,0.05628453,627.2060901992
b2667,20.164,,
ygaP,76.627,0.03148855,2433.4877280789
nrdH,72.6,0.018367347,3952.6666534911
gshA,24.934,0.133997429,186.0781970675
yqaB,14.264,0.053003534,269.1141311445
csrA,473.979,2.564864865,184.7968703801
alaS,86.147,0.243536122,353.7339729833
mltB,0.157,0.017050691,9.2078379697
hycI,11.311,,
hycE,1.628,0.001755413,927.4170807667
hycA,2.634,0,
hypA,1.855,0,
hypB,3.38,0.004013761,842.102955308
hypC,2.249,0.009191176,244.6912125282
hypD,3.857,0.009366637,411.7806636469
hypE,0.307,0.00981405,31.2816828934
ygbO,9.883,,
ygbB,36.76,,
cysN,3.897,0.005606167,695.1273481507
ygbT,2.352,0.007088332,331.8129004116
ygcM,18.614,0.031506849,590.792179821
ygcW,0.371,0,
ygcE,1.077,0.001691475,636.7223872656
ygcF,23.48,0.038748137,605.964617086
eno,567.312,1.320878274,429.4960490811
barA,2.179,0.011066763,196.8958764184
syd,11.303,0.039449541,286.5179090423
exo,4.156,0.010650888,390.2022066141
fucK,11.823,0.003453039,3423.94047678
fucU,5.008,0.022511848,222.460634951
b2810,10.741,,
mltA,1.732,0.05834093,29.6875624026
recD,4.761,0.018346112,259.5100258845
recB,0.607,0.023433089,25.9035417823
thyA,46.834,0.086901763,538.9303782019
ygdP,35.789,,
mutH,1.131,0.005805515,194.8147580361
lysA,11.292,0.011093502,1017.8931774655
kduI,1.355,0.006578947,205.9600115338
yqeF,9.613,0.051651143,186.1139839635
b2865,0.335,,
b2866,1.087,,
ygeV,1.041,0.005061867,205.6553441645
hyuA,0.859,0.001444043,594.8576323558
yqeA,4.488,0.002145923,2091.4077532139
yqeB,1.281,0.002153846,594.7500424821
ygfT,0.572,0.001302762,439.0671511757
ygfU,1.503,0,
lysS,118.608,0.217534608,545.237381263
recJ,4.998,0.051067513,97.8704406459
dsbC,1.016,0.098591549,10.3051428881
gcvP,89.275,0.058997564,1513.1980703475
gcvT,40.084,0.046617916,859.8410962858
visC,22.93,0.039101498,586.4225457552
ubiH,12.71,0.058998302,215.4299288139
pepP,103.99,0.128679245,808.1334328625
ygfB,42.661,0.160034602,266.5736001268
ygfA,3.221,0.015510949,207.6597634355
iciA,33.368,,
ygfH,0.379,0.001691475,224.0647955187
yggE,2.968,0.121621622,24.4035554796
fba,676.369,,
pgk,564.396,0.672828891,838.8403166831
tktA,290.091,0.187343044,1548.4482039269
metK,347.042,0.147313692,2355.80274507
sprT,2.825,0.005030181,561.6100096597
yqgE,25.114,0.06749556,372.0837341004
yqgF,12.473,0.034855769,357.8460713347
yggS,19.544,0.022727273,859.9359896808
yggV,41.471,0.037099494,1117.8319574925
yggW,8.838,0.03125,282.816
yggH,30.843,0.074408901,414.5068612154
mutY,7.027,0.034220532,205.3445574721
yggX,187.667,0.138181818,1358.1164491554
speC,3.562,0.016393443,217.2819950025
b2971,1.701,,
glcB,17.56,0.029249194,600.3584235518
hybD,4.163,0.053643725,77.6046033343
yghA,16.686,0.045248869,368.7605981931
yqhD,5.143,0.003869304,1329.1796147318
parC,25.585,0.05425155,471.5994289564
parE,9.1,0.059989429,151.6933925142
ribB,178.463,0.113323124,1574.8153924878
glnE,12.918,0.036091549,357.9231248844
ygiF,20.325,0.032667179,622.1841194185
cca,13.597,0.073909532,183.9681517669
ygiP,0.682,0.004828326,141.2497830511
ygjD,1.454,0.03751234,38.760578519
yqjI,77.963,0.045746388,1704.2438410657
ygjG,12.881,0.277382646,46.4376563774
ygjH,0.964,0.006024096,160.0240102415
uxaA,2.327,0.009078682,256.3147381966
yqjD,424.162,0.721311475,588.0427730614
yqjG,3.062,0.025862069,118.3973331755
yhaJ,29.924,0.056919643,525.7236065237
tdcD,0.222,0,
yhaD,2.461,,
garL,1.704,0.001948052,874.7199766741
yraL,12.601,0.019767442,637.4623484414
yraM,3.57,0.02848723,125.3193097398
yraN,0.838,0.044303797,18.9148573428
yhbV,0.556,0.003986333,139.4765565245
deaD,72.605,0.235839068,307.8582383136
yhbM,4.596,,
pnp,938.13,0.423548094,2214.931464194
rbfA,83.677,0.122194514,684.7852433048
nusA,463.217,0.281439139,1645.8869283281
yhbC,44.951,0.184734513,243.3275692236
argG,38.07,0.044303797,859.2942947983
mrsA,146.558,,
hflB,83.183,,
ftsJ,10.389,,
yhbY,136.661,0.674061433,202.7426482357
dacB,1.177,0.00837404,140.5534246314
yhbZ,37.007,,
murA,50.691,0.12192216,415.7652718751
yrbA,102.55,0.232283465,441.4864398549
yrbB,23.886,0.187713311,127.2472360791
yrbC,2.133,0.111811024,19.0768309214
yrbH,15.163,,
yrbI,36.695,,
rpoN,42.382,0.199930216,211.9839654452
yhbH,273.582,0.731707317,373.8954000374
yhbJ,39.178,0.103044496,380.2046836155
arcB,55.757,0.042808219,1302.4835254183
yhcC,0.233,0.001614639,144.3047021656
gltB,174.805,0.362398419,482.3558570767
gltD,277.748,0.494358251,561.8354693953
b3223,6.814,,
sspB,45.473,0.262575453,173.1806971309
sspA,240.998,0.304858934,790.5230030096
yhcO,14.881,0.086397059,172.2396592227
tldD,89.684,0.107612457,833.397940166
mreB,210.659,0.229626079,917.4001529678
yhdA,7.66,0.032731959,234.0220455488
prmA,11.378,0.034052213,334.1339371982
yrdA,98.71,0.200361011,492.6607203035
aroE,13.721,0.057457213,238.8037860451
yrdC,10.37,0.072552448,142.9310834557
def,52.034,0.235756385,220.7108833977
fmt,25.687,0.102956705,249.4932214468
rpsE,1047.083,2.528827038,414.0587649
tufA,3350.186,0.443412162,7555.4670960965
fusA,316.368,2.805581835,112.7637754327
yheL,4.093,0.052264808,78.3127338763
yheM,5.735,0.030640669,187.1695425449
yheN,0.981,0.081606218,12.0211428007
fkpA,3.937,0.286945813,13.7203605058
slyD,482.605,1.038135593,464.8766531599
yheT,0.882,0.018590998,47.4423158993
prkB,10.524,0.039125432,268.9810555958
yhfG,30.78,0.095808383,321.2662507831
yhfR,5.759,,
yhfV,1.057,,
trpS,125.146,0.188247012,664.7967405719
dam,8.907,0.083133971,107.1403169229
aroB,31.075,0.223805147,138.8484599954
mrcA,1.429,0.02096395,68.1646350044
yrfG,16.216,0.071107784,228.0481698037
yrfH,8.654,,
yrfI,81.892,,
ompR,80.769,0.086926287,929.1665707521
feoA,150.981,0.017621145,8568.1719320737
yhgI,311.312,,
malQ,15.864,0.076055662,208.5840762256
malP,8.255,0.088591726,93.1802592942
glpD,70.686,0.01461794,4835.5650659395
glgP,57.187,0.16591745,344.6714013505
glgC,1.458,0.155598456,9.3702729287
ggt,3.027,0.091561424,33.0597741686
ugpB,0.661,0.546732523,1.2090006945
livJ,8.034,0.437443336,18.3658072688
ftsX,28.608,0.066635161,429.3228915587
yhhF,14.486,0.026845638,539.6034916361
zntA,5.889,0.022975432,256.3172696818
yhhP,10.855,0.044897959,241.7704555345
dcrB,5.115,0.126570916,40.4121275381
nikC,1.086,0.00120048,904.6381447421
nikD,3.175,0,
nikE,3.69,0.000620347,5948.2837831085
yhhG,21.956,,
yhiI,0.612,0.045923149,13.3266122495
yhiR,8.781,0.023159145,379.1590751731
gor,1.478,0.056952663,25.9513764967
arsC,15.129,0.003529412,4286.54971423
hdeB,7.761,1.533742331,5.060172001
hdeA,21.035,6.084337349,3.457237624
gadE,133.248,0.243833017,546.4723425868
yhiU,0.875,,
gadA,674.735,0.111785714,6035.9680665456
kdgK,20.488,0.024757804,827.5370465006
yhjJ,0.852,0.025735294,33.1062858656
yhjL,2.848,,
yhjS,0.564,,
yhjU,0.322,,
dppA,0.294,0.49502178,0.5939132618
yiaE,53.84,,
yiaF,0.202,0.155633803,1.2979185505
cspA,714.6,0.391509434,1825.2433733181
yiaJ,19.032,0.018867925,1008.6959747826
sgbH,7.154,0.000755287,9471.8961136628
yiaV,2.289,0.003521127,650.0759557948
aldB,11.944,0.029908973,399.3450393633
selB,7.13,0.026843818,265.6105029471
yibA,6.123,0.005938242,1031.1132486686
yibL,38.285,0.063535912,602.572604923
lctD,10.901,,
yibK,4.354,0.017970402,242.287289956
gpsA,26.034,0.158488714,164.2640623609
secB,672.937,0.375802998,1790.6642671329
yibN,12.9,0.259860789,49.6419642596
yibO,102.283,,
kbl,23.183,0.044314381,523.1484560283
htrL,11.33,0.033838973,334.8210360876
rfaD,147.463,0.174356223,845.757022392
kdtA,10.62,0.023492561,452.0579940178
mutM,1.208,0.012360939,97.7272034107
dfp,17.072,0.038934426,438.48084469
dut,119.921,0.072527473,1653.4562013487
gmk,39.269,0.209470305,187.4680995953
rpoZ,658.288,0.36,1828.5777777778
spoT,29.004,0.098908918,293.2394832183
recG,6.894,0.02666987,258.4939484144
yicH,1.829,0.018431831,99.2305105228
nlpA,2.178,0.039731051,54.818585091
ilvB,14.499,0.03436019,421.9708913135
yidH,0.675,0.014409222,46.8449996815
hslS,15.185,,
hslT,217.956,,
yidR,12.309,0.025123558,489.9385668224
gyrB,147.49,0.127381939,1157.8564524756
dnaA,27.88,0.135067712,206.4149868771
rnpA,30.117,0.167130919,180.2000502373
thdF,159.266,,
tnaA,351.358,0.325088339,1080.8077616097
yieF,9.297,0.10335689,89.9504619382
bglG,1.333,0.001794258,742.9254878618
pstB,214.905,0.65912031,326.048214172
pstC,175.447,0.380604797,460.9689667154
pstS,38.587,2.226442308,17.3312373114
glmU,42.07,0.152554745,275.7698556017
atpC,0.15,1.237470167,0.1212150434
atpD,685.856,1.078871201,635.7162925141
atpG,66.565,1.037079954,64.1850223247
atpA,369.139,1.274172615,289.7087848651
atpH,91.026,1.287054409,70.7242827991
gidB,12.989,0.048154093,269.7382338818
asnC,78.409,0.006550218,11970.4412891296
yieM,2.448,,
yieN,12.96,0.013703209,945.7638718055
rbsB,0.22,0.199438202,1.1030985929
ilvD,17.82,0.038918919,457.8749990461
ilvA,10.817,0.030764249,351.6094282035
ppiC,7.764,0.042704626,181.8070014242
rep,3.292,0.025729837,127.9448447342
gpp,28.837,0.056940701,506.4391462269
rhlB,41.154,0.135968379,302.6733149477
trxA,375.299,1.063829787,352.7810600776
rho,2165.11,0.250595711,8639.852579121
hemY,1.869,0.073160535,25.5465600409
hemX,5.416,0.090601185,59.7784675774
cyaY,52.261,0.140625,371.6337777778
dapF,34.124,0.098300971,347.1379748629
yigA,8.241,0.092644979,88.9524730747
uvrD,20.437,0.044634598,457.8735087969
corA,30.977,0.063684211,486.4156988614
pldA,2.796,0.039700806,70.4267817636
recQ,1.937,0.024056862,80.5175670875
pldB,8.065,0.052837573,152.6375937063
yigN,7.744,,
ubiE,0.356,0.10794702,3.2979141064
b3836,297.63,,
b3838,28.014,,
fadA,2.905,0.010748065,270.2812087571
fadB,2.077,0.005938785,349.7348363344
pepQ,49.867,0.082644628,603.3907007241
yigZ,5.899,0.039087948,150.9160828806
mobB,2.805,0.01953125,143.616
mobA,4.406,0.016267123,270.8530574214
yihD,32.459,0.105947955,306.3674046375
dsbA,8.972,0.186900958,48.0040343078
polA,40.704,0.063890883,637.0862021112
yihI,95.463,0.07956778,1199.7695549631
hemN,10.046,0.03605244,278.6496558901
glnL,27.489,0.054814109,501.494970939
yihK,89.635,,
yihQ,0.297,0.001227898,241.8767682658
yihX,31.3,0.065943239,474.6506309767
yihZ,8.308,,
yiiD,21.438,0.069261881,309.5209037133
fdhD,5.521,0.020408163,270.5290035169
frvX,0.372,0.002336449,159.2159726149
yiiM,10.19,0.050445104,202.0017641355
cpxR,33.164,0.111031519,298.6899602806
pfkA,125.932,0.233367983,539.6284373765
tpiA,767.928,0.548239896,1400.7152810346
yiiU,545.308,0.497959184,1095.0857369868
menG,1.387,,
hslU,150.698,0.077385424,1947.3693133735
metJ,96.378,0.129337539,745.1664902948
metB,21.535,0.019396552,1110.2488730987
metL,45.356,0.026315789,1723.5280310235
katG,16.233,0.048394495,335.430713762
gldA,10.768,0.006799637,1583.6139488035
frwB,5.587,0.003125,1787.84
pflD,2.462,0.003265128,754.0286322619
ppc,14.585,0.180497925,80.8042530129
argE,12.742,0.038227628,333.3191376666
oxyR,79.076,0.071973828,1098.6771469207
fabR,23.345,0.063210227,369.3231476609
trmA,26.233,0.053636364,489.0898271926
murI,13.395,0.017502917,765.3010066836
murB,18.166,0.085116732,213.4245473616
birA,9.329,0.049222798,189.5259997207
tufB,2202.788,0.293496622,7505.3265860075
rpoB,516.058,0.566285998,911.3027724906
yjaD,9.851,,
hemE,40.279,0.079887218,504.1983061671
nfi,5.986,0.084947839,70.4667719681
yjaG,31.944,0.052542373,607.9664502401
hupA,940.878,1.935661765,486.0756238578
hydH,1.041,,
arpA,2.384,0.001829826,1302.8561185599
pepE,3.964,0.005805515,682.7990281655
pgi,168.502,0.207398423,812.4555508313
malK,96.891,0.059641256,1624.5633727097
ubiC,5.586,0.023138833,241.4123478051
plsB,41.199,0.037144036,1109.1686428475
yjbJ,150.506,1.497607656,100.49761658
qor,39.459,0.092065107,428.5988610213
dnaB,34.033,0.073498233,463.0451455887
alr,8.011,0.032900834,243.4892683875
yjbQ,42.617,0.176682692,241.2064221888
uvrA,4.904,0.041814316,117.2804070261
yjcT,2.208,,
yjcW,0.486,,
rpiB,6.254,0.018930958,330.3583474222
phnP,4.826,0.030343008,159.0481734705
phnN,8.846,0.035906643,246.36109814
phnK,16.648,0.058707124,283.5771685903
phnJ,18.514,0.047928994,386.2797537541
phnD,4.146,0.24261811,17.0885841951
basS,0.741,0.013290559,55.7538625727
basR,65.397,0.020209581,3235.9404185569
adiA,2.804,0.001762115,1591.2695822917
melR,0.672,0.00660793,101.6959925423
yjdG,0.613,,
yjdI,8.059,0.058695652,137.3014818883
yjdJ,99.536,0.080882353,1230.6269081959
lysU,26.853,0.020435069,1314.0645622484
cadA,4.161,0.002328831,1786.7333438966
yjdC,37.026,0.106086957,349.0155721971
aspA,20.588,0.036211699,568.5455410419
groS,2150.179,0.561433447,3829.8021100977
yjeA,2.612,,
yjeQ,19.643,,
yjeE,16.194,0.056399132,287.1320785575
amiB,0.371,0.040014959,9.2715326786
mutL,6.625,0.027070926,244.727498424
hfq,1513.053,1.813311688,834.414188147
hflK,67.602,0.246227164,274.5513488512
hflC,2.243,0.195219124,11.4896530321
purA,309.901,0.380200308,815.0992870842
yjeB,33.8,0.06,563.3333333333
vacB,90.493,,
yjfH,23.435,,
aidB,26.165,0.048923077,534.819181549
yjfQ,10.504,,
fklB,121.387,0.263709677,460.3054441571
ytfE,5.519,0.006042296,913.3945109607
ytfG,3.156,0.00755814,417.5630512269
ytfL,18.674,0.01824274,1023.6400891533
ytfN,0.617,0.032283673,19.111827827
ytfP,29.45,0.020527859,1434.6357308865
ppa,397.635,0.716981132,554.5961842689
yjgA,52.659,0.174228675,302.2407189861
nrdG,1.941,0.011853448,163.7498219927
nrdD,5.183,0.016604303,312.1480016355
mgtA,15.669,0.053412463,293.3584994948
yjgF,1164.627,0.845854922,1376.8637738092
yjgK,38.652,0.055309735,698.8281538503
yjgL,2.163,0.001653804,1307.8938012002
yjgD,387.707,0.443509615,874.1794695928
valS,103.936,0.109807356,946.5303945575
holC,31.382,0.089164786,351.9550868434
yjgR,12.358,0.028628495,431.6678190733
idnO,3.147,0,
yi41,3.516,,
yjhG,0.948,0.006609049,143.4396991156
yjhH,7.966,0.003314917,2403.0767587846
yjhI,0.185,0.001269036,145.779946353
sgcE,0.732,0.002373418,308.4159638125
yjhP,1.357,0.002680965,506.1610278389
yjhT,1.673,0.011754069,142.3336888698
fimB,3.274,0.025747508,127.1579369934
fimE,0.414,0.003355705,123.3719888965
fimD,0.387,0.006449165,60.0077684475
yjiE,2.078,0.009330406,222.7127093934
yjiN,8.578,0.012109375,708.3767741935
yjiT,1.883,0.007580751,248.3922767019
mcrB,3.296,0.00688905,478.4404235707
hsdS,2.123,0.013629842,155.7611599606
hsdM,13.165,0.024229075,543.3554520757
mrr,4.264,0.016958425,251.4384443131
yjiA,26.227,0.02039749,1285.7954581667
yjiY,134.859,0.005581395,24162.2390101399
dnaT,15.416,0.014842301,1038.6529689703
fhuF,21.407,0.053299492,401.6360981452
holD,10.181,0.052058111,195.5699084049
prfC,33.96,0.097860289,347.0253393591
osmY,15.707,0.804132231,19.5328571527
yjjU,6.447,0.046598322,138.3526213669
yjjV,7.973,0.050706033,157.2396720524
yjjI,3.044,0.002580645,1179.5500737219
deoB,186.799,0.150040883,1244.9873412169
deoD,375.177,0.26286509,1427.2606529836
lplA,8.557,0.008366142,1022.8131437406
smp,6.357,,
rob,0.273,0.154775604,1.7638438678
glcF,1.413,0.013491415,104.7332692679
